Freq_MHz,Az_deg,El_deg,Ground_Truth,Predicted_Cluster
5900,20.1219,7.688,Emitter_1,Emitter_1
6100,-25.1808,14.8002,Emitter_2,Emitter_2
5900,20.3002,8.2822,Emitter_1,Emitter_1
6100,-24.8264,15.0756,Emitter_2,Emitter_2
5900,19.2196,7.6093,Emitter_1,Emitter_1
6100,-25.5619,15.3368,Emitter_2,Emitter_2
5900,20.0511,7.9051,Emitter_1,Emitter_1
5900,19.9933,7.7441,Emitter_1,Emitter_1
6100,-25.0377,14.6667,Emitter_2,Emitter_2
5900,20.3518,8.2333,Emitter_1,Emitter_1
6100,-24.5245,15.1877,Emitter_2,Emitter_2
5900,20.0264,8.3382,Emitter_1,Emitter_1
6100,-25.5058,15.5332,Emitter_2,Emitter_2
5900,20.187,7.7422,Emitter_1,Emitter_1
6100,-24.7365,14.9969,Emitter_2,Emitter_2
5900,20.1475,7.7123,Emitter_1,Emitter_1
5900,20.3514,7.985,Emitter_1,Emitter_1
6100,-24.3639,15.0478,Emitter_2,Emitter_2
5900,19.9261,7.7957,Emitter_1,Emitter_1
6100,-25.0112,14.8019,Emitter_2,Emitter_2
5900,20.489,7.9536,Emitter_1,Emitter_1
6100,-24.7673,15.143,Emitter_2,Emitter_2
5900,19.8287,7.8944,Emitter_1,Emitter_1
6100,-24.9941,14.763,Emitter_2,Emitter_2
5900,20.2129,8.1096,Emitter_1,Emitter_1
5900,20.1651,8.1292,Emitter_1,Emitter_1
6100,-24.948,14.9791,Emitter_2,Emitter_2
5900,20.8567,7.8781,Emitter_1,Emitter_1
6100,-25.5334,14.5585,Emitter_2,Emitter_2
5900,19.7951,7.7559,Emitter_1,Emitter_1
6100,-24.7739,14.2194,Emitter_2,Noise
5900,20.2464,8.3387,Emitter_1,Emitter_1
6100,-24.9178,14.8566,Emitter_2,Emitter_2
5900,19.9544,7.748,Emitter_1,Emitter_1
5900,19.6702,8.1952,Emitter_1,Emitter_1
6100,-24.4767,14.852,Emitter_2,Emitter_2
5900,20.2973,8.1629,Emitter_1,Emitter_1
6100,-24.7362,14.8809,Emitter_2,Emitter_2
5900,19.7338,8.0696,Emitter_1,Emitter_1
6100,-24.9545,15.2211,Emitter_2,Emitter_2
5900,20.0467,8.0656,Emitter_1,Emitter_1
6100,-25.185,15.299,Emitter_2,Emitter_2
5900,20.3486,8.0671,Emitter_1,Emitter_1
5900,20.2716,8.0203,Emitter_1,Emitter_1
6100,-25.3975,15.0884,Emitter_2,Emitter_2
5853.0105,38.4534,9.6486,Noise,Noise
5900,20.1156,8.1894,Emitter_1,Emitter_1
6100,-24.6309,15.198,Emitter_2,Emitter_2
5900,19.4171,7.9041,Emitter_1,Emitter_1
6100,-24.2334,14.771,Emitter_2,Emitter_2
5900,19.8119,7.8083,Emitter_1,Emitter_1
6100,-25.5517,14.7017,Emitter_2,Emitter_2
5900,19.8899,8.4485,Emitter_1,Emitter_1
5900,19.6537,8.2905,Emitter_1,Emitter_1
6100,-24.7358,15.1494,Emitter_2,Emitter_2
5900,19.3269,7.8995,Emitter_1,Emitter_1
6100,-24.9591,14.6631,Emitter_2,Emitter_2
5900,20.0651,8.1759,Emitter_1,Emitter_1
6100,-24.6933,14.6326,Emitter_2,Emitter_2
5900,20.2845,8.238,Emitter_1,Emitter_1
6100,-24.5364,15.8572,Emitter_2,Noise
5900,19.8605,7.8613,Emitter_1,Emitter_1
5900,20.3432,7.9426,Emitter_1,Emitter_1
6100,-24.8534,15.1749,Emitter_2,Emitter_2
5900,19.4897,7.66,Emitter_1,Emitter_1
6100,-25.1971,14.4569,Emitter_2,Emitter_2
5900,19.6322,8.1491,Emitter_1,Emitter_1
6100,-25.2411,14.6721,Emitter_2,Emitter_2
5900,20.057,8.2071,Emitter_1,Emitter_1
6100,-25.5788,15.5167,Emitter_2,Emitter_2
5900,19.8291,8.0476,Emitter_1,Emitter_1
6102.1573,46.3445,12.4303,Noise,Noise
5795.0685,28.2125,2.0068,Noise,Noise
5900,20.2502,7.9072,Emitter_1,Emitter_1
6100,-24.8909,15.1139,Emitter_2,Emitter_2
5900,20.1827,7.8014,Emitter_1,Emitter_1
6100,-25.1236,14.9481,Emitter_2,Emitter_2
5900,19.8548,7.8855,Emitter_1,Emitter_1
6100,-24.6142,14.9903,Emitter_2,Emitter_2
5900,19.5217,8.1461,Emitter_1,Emitter_1
6100,-24.7877,14.9412,Emitter_2,Emitter_2
5900,19.8122,8.0037,Emitter_1,Emitter_1
5900,20.1923,8.134,Emitter_1,Emitter_1
6100,-25.1369,14.5779,Emitter_2,Emitter_2
5900,20.2662,7.9705,Emitter_1,Emitter_1
6100,-25.7911,14.9215,Emitter_2,Emitter_2
5900,19.8307,7.9761,Emitter_1,Emitter_1
6100,-24.9774,14.6142,Emitter_2,Emitter_2
5900,19.3251,7.5659,Emitter_1,Emitter_1
6225.8369,-38.9648,-4.6057,Noise,Noise
6100,-25.0138,15.0161,Emitter_2,Emitter_2
5900,19.4709,7.7008,Emitter_1,Emitter_1
5900,20.1599,7.7284,Emitter_1,Emitter_1
6100,-25.8624,14.7255,Emitter_2,Emitter_2
5900,19.8487,8.3898,Emitter_1,Emitter_1
6100,-24.8371,15.1161,Emitter_2,Emitter_2
5900,19.8575,8.2213,Emitter_1,Emitter_1
6100,-25.4615,15.0475,Emitter_2,Emitter_2
5900,19.6266,7.9384,Emitter_1,Emitter_1
6100,-24.591,15.2331,Emitter_2,Emitter_2
5900,19.62,7.8983,Emitter_1,Emitter_1
5900,20.3361,7.4818,Emitter_1,Emitter_1
6100,-25.0381,14.8596,Emitter_2,Emitter_2
5900,20.1738,8.0713,Emitter_1,Emitter_1
6100,-25.2517,15.1403,Emitter_2,Emitter_2
5900,19.7623,7.5662,Emitter_1,Emitter_1
6100,-24.922,15.1888,Emitter_2,Emitter_2
5900,20.0289,7.8412,Emitter_1,Emitter_1
6100,-24.9473,15.2456,Emitter_2,Emitter_2
5900,20.0931,8.0066,Emitter_1,Emitter_1
5900,20.6407,7.9282,Emitter_1,Emitter_1
6100,-24.9622,15.2354,Emitter_2,Emitter_2
5900,19.5906,8.0538,Emitter_1,Emitter_1
6100,-24.6517,14.7586,Emitter_2,Emitter_2
6095.2541,-4.6017,5.7526,Noise,Noise
5900,20.088,8.4078,Emitter_1,Emitter_1
6100,-25.7233,15.463,Emitter_2,Emitter_2
5900,20.334,8.1071,Emitter_1,Emitter_1
6100,-24.8973,14.4857,Emitter_2,Emitter_2
5900,20.5853,7.6434,Emitter_1,Emitter_1
5900,19.7441,7.722,Emitter_1,Emitter_1
6100,-25.2855,15.2316,Emitter_2,Emitter_2
5900,19.8441,7.587,Emitter_1,Emitter_1
6100,-25.1119,14.8464,Emitter_2,Emitter_2
5900,20.2541,7.9333,Emitter_1,Emitter_1
6100,-24.4396,14.6858,Emitter_2,Emitter_2
5900,19.4117,7.6953,Emitter_1,Emitter_1
6100,-25.3193,15.0634,Emitter_2,Emitter_2
5900,20.1254,8.2514,Emitter_1,Emitter_1
5900,20.7987,8.8742,Emitter_1,Noise
6100,-24.8438,15.1489,Emitter_2,Emitter_2
5900,20.1658,7.7031,Emitter_1,Emitter_1
6100,-24.6355,15.0596,Emitter_2,Emitter_2
5900,19.1472,8.0803,Emitter_1,Emitter_1
6100,-24.8042,14.9222,Emitter_2,Emitter_2
5900,19.6748,7.8754,Emitter_1,Emitter_1
6100,-24.9749,15.0323,Emitter_2,Emitter_2
5900,19.7552,7.9578,Emitter_1,Emitter_1
5900,20.4264,8.0471,Emitter_1,Emitter_1
6100,-24.914,15.2318,Emitter_2,Emitter_2
5900,19.9365,7.6893,Emitter_1,Emitter_1
6100,-24.7779,15.0133,Emitter_2,Emitter_2
5900,19.3301,7.8541,Emitter_1,Emitter_1
6100,-25.3237,15.0203,Emitter_2,Emitter_2
5900,19.9785,8.5304,Emitter_1,Emitter_1
6100,-25.0112,15.058,Emitter_2,Emitter_2
5900,20.0521,8.2948,Emitter_1,Emitter_1
5900,19.8003,7.6445,Emitter_1,Emitter_1
6100,-24.1174,14.8429,Emitter_2,Emitter_2
5900,19.614,7.7824,Emitter_1,Emitter_1
6100,-24.8311,15.3205,Emitter_2,Emitter_2
5880.8275,-28.8409,29.1139,Noise,Noise
5900,20.8514,7.7536,Emitter_1,Noise
6100,-24.9608,15.7014,Emitter_2,Noise
5900,20.3354,7.7291,Emitter_1,Emitter_1
6100,-25.1512,15.0972,Emitter_2,Emitter_2
5900,20.3726,8.1155,Emitter_1,Emitter_1
5900,19.9373,7.9878,Emitter_1,Emitter_1
6100,-25.3195,14.8945,Emitter_2,Emitter_2
5900,19.7381,8.1338,Emitter_1,Emitter_1
6100,-24.9004,15.2539,Emitter_2,Emitter_2
5900,19.818,7.6323,Emitter_1,Emitter_1
6100,-24.8724,15.3777,Emitter_2,Emitter_2
5900,19.4888,8.0518,Emitter_1,Emitter_1
5799.0472,-22.5005,-4.4644,Noise,Noise
6100,-25.038,14.9003,Emitter_2,Emitter_2
5900,20.6316,8.048,Emitter_1,Emitter_1
5900,19.9525,8.0857,Emitter_1,Emitter_1
6100,-23.9184,15.1183,Emitter_2,Noise
5900,20.5224,8.0658,Emitter_1,Emitter_1
6100,-25.2878,14.7917,Emitter_2,Emitter_2
5900,19.8356,8.3319,Emitter_1,Emitter_1
6100,-25.3771,15.281,Emitter_2,Emitter_2
6096.8584,37.7039,12.5021,Noise,Noise
5900,20.1715,8.4607,Emitter_1,Emitter_1
6100,-25.1458,15.0382,Emitter_2,Emitter_2
5900,20.0733,7.6327,Emitter_1,Emitter_1
5900,19.4527,8.4953,Emitter_1,Emitter_1
6100,-25.0254,15.2194,Emitter_2,Emitter_2
5918.4933,21.0664,17.2259,Noise,Noise
5900,20.6895,7.9461,Emitter_1,Emitter_1
6100,-25.3387,14.6773,Emitter_2,Emitter_2
5900,19.8467,8.4384,Emitter_1,Emitter_1
6100,-24.9103,15.1803,Emitter_2,Emitter_2
5900,19.5572,7.7316,Emitter_1,Emitter_1
6100,-24.867,14.7572,Emitter_2,Emitter_2
5900,20.2573,7.8816,Emitter_1,Emitter_1
5900,19.998,7.951,Emitter_1,Emitter_1
6100,-24.729,14.7768,Emitter_2,Emitter_2
5900,20.135,8.4222,Emitter_1,Emitter_1
6100,-25.2086,14.7168,Emitter_2,Emitter_2
6263.9233,23.4889,24.7126,Noise,Noise
5900,20.0362,8.1932,Emitter_1,Emitter_1
6100,-24.4795,15.19,Emitter_2,Emitter_2
5900,19.1799,7.9854,Emitter_1,Emitter_1
6100,-24.758,15.3742,Emitter_2,Emitter_2
5900,19.6627,7.6344,Emitter_1,Emitter_1
5900,19.6487,7.8998,Emitter_1,Emitter_1
6100,-23.8749,14.4872,Emitter_2,Noise
5900,20.3664,7.6021,Emitter_1,Emitter_1
6100,-25.2954,14.8151,Emitter_2,Emitter_2
5900,20.0123,7.8547,Emitter_1,Emitter_1
6100,-25.3403,14.6767,Emitter_2,Emitter_2
5900,19.8689,8.3008,Emitter_1,Emitter_1
6100,-25.1199,14.635,Emitter_2,Emitter_2
5900,20.2152,8.4012,Emitter_1,Emitter_1
5900,19.9382,7.7912,Emitter_1,Emitter_1
6100,-24.866,15.0155,Emitter_2,Emitter_2
5900,19.9105,8.0727,Emitter_1,Emitter_1
6100,-24.8076,15.1523,Emitter_2,Emitter_2
5900,20.0706,7.6747,Emitter_1,Emitter_1
6100,-24.7588,14.888,Emitter_2,Emitter_2
5900,20.0362,8.0685,Emitter_1,Emitter_1
6100,-24.1515,15.0703,Emitter_2,Emitter_2
5900,21.007,8.5631,Emitter_1,Noise
5900,19.6587,7.9138,Emitter_1,Emitter_1
6100,-25.745,14.6993,Emitter_2,Emitter_2
5900,19.4146,7.8228,Emitter_1,Emitter_1
6100,-25.6962,15.0052,Emitter_2,Emitter_2
5900,20.1262,8.3618,Emitter_1,Emitter_1
6100,-25.0487,14.8595,Emitter_2,Emitter_2
5900,19.7084,7.8038,Emitter_1,Emitter_1
6100,-24.1956,15.1647,Emitter_2,Emitter_2
5900,19.1411,7.9512,Emitter_1,Emitter_1
5900,19.575,7.8412,Emitter_1,Emitter_1
6100,-24.7096,14.7207,Emitter_2,Emitter_2
5900,19.6493,7.9717,Emitter_1,Emitter_1
6100,-25.3997,15.011,Emitter_2,Emitter_2
5900,19.2969,7.5599,Emitter_1,Emitter_1
6100,-24.9308,14.4431,Emitter_2,Emitter_2
5900,20.8517,7.6138,Emitter_1,Noise
6100,-25.0721,15.0042,Emitter_2,Emitter_2
5900,19.5613,8.5511,Emitter_1,Emitter_1
5900,21.162,7.6485,Emitter_1,Noise
6100,-25.0861,14.756,Emitter_2,Emitter_2
5900,19.8527,8.1025,Emitter_1,Emitter_1
6100,-25.2158,14.9469,Emitter_2,Emitter_2
5900,20.6915,7.7039,Emitter_1,Emitter_1
6100,-24.9637,15.1814,Emitter_2,Emitter_2
5900,19.9019,8.2332,Emitter_1,Emitter_1
6100,-24.5677,14.9117,Emitter_2,Emitter_2
5900,20.1739,7.8872,Emitter_1,Emitter_1
5900,19.9465,7.5875,Emitter_1,Emitter_1
6100,-25.1825,15.1313,Emitter_2,Emitter_2
5900,19.9047,7.9201,Emitter_1,Emitter_1
6100,-24.7557,14.8697,Emitter_2,Emitter_2
5900,20.0929,7.8334,Emitter_1,Emitter_1
6100,-24.6838,15.2939,Emitter_2,Emitter_2
5900,20.1886,8.3038,Emitter_1,Emitter_1
6100,-24.4833,15.5335,Emitter_2,Emitter_2
5900,20.0622,8.1055,Emitter_1,Emitter_1
5900,20.0213,8,Emitter_1,Emitter_1
6100,-25.3466,15.0042,Emitter_2,Emitter_2
5900,19.7114,8.0949,Emitter_1,Emitter_1
6100,-24.9955,14.9706,Emitter_2,Emitter_2
5900,19.9611,8.628,Emitter_1,Emitter_1
6100,-25.2597,14.5543,Emitter_2,Emitter_2
5900,20.6293,8.1158,Emitter_1,Emitter_1
6100,-24.9629,14.7695,Emitter_2,Emitter_2
5900,19.6948,7.6663,Emitter_1,Emitter_1
5900,20.4765,8.0788,Emitter_1,Emitter_1
6100,-24.9656,14.7618,Emitter_2,Emitter_2
5900,20.1921,7.4766,Emitter_1,Emitter_1
6100,-25.4399,15.0703,Emitter_2,Emitter_2
5900,20.371,8.1363,Emitter_1,Emitter_1
6100,-24.9396,15.1738,Emitter_2,Emitter_2
5900,19.5558,7.8585,Emitter_1,Emitter_1
6100,-24.1257,15.0832,Emitter_2,Emitter_2
5900,20.1055,8.0157,Emitter_1,Emitter_1
5900,19.8831,7.969,Emitter_1,Emitter_1
6100,-24.806,14.6767,Emitter_2,Emitter_2
5900,19.8992,8.0458,Emitter_1,Emitter_1
6100,-25.5148,15.4748,Emitter_2,Emitter_2
5900,20.5886,7.23,Emitter_1,Noise
6100,-25.3694,14.6868,Emitter_2,Emitter_2
5900,19.9053,8.053,Emitter_1,Emitter_1
6100,-25.0156,14.9729,Emitter_2,Emitter_2
5900,20.1184,7.8884,Emitter_1,Emitter_1
5907.8795,-54.8263,22.3208,Noise,Noise
5900,19.2973,8.0984,Emitter_1,Emitter_1
6100,-25.361,14.9085,Emitter_2,Emitter_2
5900,20.6909,7.5398,Emitter_1,Emitter_1
6100,-24.5082,14.7582,Emitter_2,Emitter_2
5900,20.3455,7.9014,Emitter_1,Emitter_1
6100,-25.5575,15.2828,Emitter_2,Emitter_2
5900,19.9755,7.6841,Emitter_1,Emitter_1
6230.9165,-53.9533,25.4446,Noise,Noise
6100,-24.8031,14.8138,Emitter_2,Emitter_2
5900,19.8662,8.39,Emitter_1,Emitter_1
5900,20.2331,8.5197,Emitter_1,Emitter_1
6100,-25.6329,14.7766,Emitter_2,Emitter_2
5900,20.471,8.1317,Emitter_1,Emitter_1
6100,-25.0219,15.3497,Emitter_2,Emitter_2
5900,20.6976,8.1317,Emitter_1,Emitter_1
6100,-25.4146,14.9746,Emitter_2,Emitter_2
5900,20.3312,7.911,Emitter_1,Emitter_1
6100,-24.7299,14.2856,Emitter_2,Noise
5900,20.0266,7.7908,Emitter_1,Emitter_1
5900,20.3958,7.6465,Emitter_1,Emitter_1
6100,-24.5865,14.6453,Emitter_2,Emitter_2
5900,20.3129,7.9428,Emitter_1,Emitter_1
6100,-24.8672,15.074,Emitter_2,Emitter_2
5900,20.4685,8.2253,Emitter_1,Emitter_1
6100,-24.5662,15.1653,Emitter_2,Emitter_2
5900,20.7283,8.2192,Emitter_1,Emitter_1
6100,-25.9509,14.7646,Emitter_2,Noise
5900,19.3712,7.9799,Emitter_1,Emitter_1
5900,19.5312,7.8445,Emitter_1,Emitter_1
6100,-24.9447,14.9415,Emitter_2,Emitter_2
5900,20.6045,8.1913,Emitter_1,Emitter_1
6259.788,3.2255,29.1143,Noise,Noise
6100,-24.809,15.2368,Emitter_2,Emitter_2
5900,19.7204,7.6959,Emitter_1,Emitter_1
6100,-24.7566,14.9357,Emitter_2,Emitter_2
6096.3197,-19.6295,19.9258,Noise,Noise
5900,20.0131,7.635,Emitter_1,Emitter_1
6100,-25.7385,14.8634,Emitter_2,Emitter_2
5900,19.7315,8.0936,Emitter_1,Emitter_1
5900,20.4621,8.1826,Emitter_1,Emitter_1
6100,-24.8335,14.6729,Emitter_2,Emitter_2
5900,19.0835,8.0913,Emitter_1,Emitter_1
6100,-24.7475,15.2725,Emitter_2,Emitter_2
5900,20.0288,8.1242,Emitter_1,Emitter_1
6100,-24.9493,14.0809,Emitter_2,Noise
5900,20.6465,7.381,Emitter_1,Noise
6100,-25.5112,15.5659,Emitter_2,Noise
5900,19.7636,8.1773,Emitter_1,Emitter_1
5900,19.3674,8.4428,Emitter_1,Emitter_1
6100,-25.2186,14.4048,Emitter_2,Emitter_2
5900,20.1473,8.254,Emitter_1,Emitter_1
6100,-24.5059,15.004,Emitter_2,Emitter_2
5900,19.7716,8.2441,Emitter_1,Emitter_1
6100,-24.558,15.0831,Emitter_2,Emitter_2
5900,20.4274,8.0699,Emitter_1,Emitter_1
6100,-24.8166,15.1089,Emitter_2,Emitter_2
5900,20.0938,8.0811,Emitter_1,Emitter_1
5900,19.6547,7.9557,Emitter_1,Emitter_1
6100,-24.721,15.6832,Emitter_2,Emitter_2
5900,19.939,8.115,Emitter_1,Emitter_1
6100,-24.6116,14.5259,Emitter_2,Emitter_2
5900,20.3999,7.6824,Emitter_1,Emitter_1
6100,-24.8213,15.3424,Emitter_2,Emitter_2
5900,19.95,8.4444,Emitter_1,Emitter_1
6100,-24.5189,14.872,Emitter_2,Emitter_2
5900,19.7026,7.7533,Emitter_1,Emitter_1
5860.7792,-22.7798,-7.0684,Noise,Noise
5900,20.0809,8.2533,Emitter_1,Emitter_1
6100,-24.534,15.2783,Emitter_2,Emitter_2
5900,20.0046,8.3987,Emitter_1,Emitter_1
6100,-23.971,14.775,Emitter_2,Noise
5900,20.3427,8.2525,Emitter_1,Emitter_1
6100,-25.203,14.9082,Emitter_2,Emitter_2
5900,20.2216,8.6983,Emitter_1,Noise
6100,-25.1961,14.733,Emitter_2,Emitter_2
5900,19.9179,7.3989,Emitter_1,Emitter_1
5900,20.6417,7.8627,Emitter_1,Emitter_1
6100,-26.1051,14.8696,Emitter_2,Noise
5900,20.0432,8.3929,Emitter_1,Emitter_1
6100,-24.8523,14.852,Emitter_2,Emitter_2
5900,19.3591,7.6245,Emitter_1,Emitter_1
6100,-24.2258,15.004,Emitter_2,Emitter_2
5900,19.3595,7.7618,Emitter_1,Emitter_1
6100,-24.4836,15.0784,Emitter_2,Emitter_2
5900,20.1759,8.1573,Emitter_1,Emitter_1
5900,20.1105,7.5762,Emitter_1,Emitter_1
6100,-24.6694,15.0838,Emitter_2,Emitter_2
5900,19.076,8.0163,Emitter_1,Emitter_1
6100,-24.4525,15.0168,Emitter_2,Emitter_2
5900,19.8113,8.1378,Emitter_1,Emitter_1
6100,-24.8016,15.1099,Emitter_2,Emitter_2
5900,20.2808,8.0415,Emitter_1,Emitter_1
6100,-25.1153,15.1215,Emitter_2,Emitter_2
5900,20.3041,8.0688,Emitter_1,Emitter_1
5900,20.212,7.7886,Emitter_1,Emitter_1
6100,-24.1062,14.9189,Emitter_2,Noise
5900,19.9282,8.059,Emitter_1,Emitter_1
6100,-24.8322,15.3773,Emitter_2,Emitter_2
5900,20.3282,7.8819,Emitter_1,Emitter_1
6100,-24.5439,15.0035,Emitter_2,Emitter_2
5900,20.2085,7.9202,Emitter_1,Emitter_1
6100,-25.9534,15.155,Emitter_2,Noise
5900,19.953,8.2489,Emitter_1,Emitter_1
5900,19.2028,7.6111,Emitter_1,Emitter_1
6100,-25.8878,15.441,Emitter_2,Emitter_2
5900,19.4071,7.2999,Emitter_1,Emitter_1
6100,-24.9322,15.2999,Emitter_2,Emitter_2
5900,19.7287,8.2248,Emitter_1,Emitter_1
6100,-25.3608,14.5342,Emitter_2,Emitter_2
5900,19.886,8.0593,Emitter_1,Emitter_1
6100,-24.8957,14.9899,Emitter_2,Emitter_2
5900,20.4357,8.3983,Emitter_1,Emitter_1
5900,19.9723,8.4061,Emitter_1,Emitter_1
6100,-25.1966,15.0254,Emitter_2,Emitter_2
5900,20.0369,7.7488,Emitter_1,Emitter_1
6100,-23.893,15.2504,Emitter_2,Noise
5900,19.7622,7.5558,Emitter_1,Emitter_1
5792.113,19.9017,17.9565,Noise,Noise
6100,-24.5802,15.2532,Emitter_2,Emitter_2
5900,19.6447,7.8926,Emitter_1,Emitter_1
6100,-24.4082,14.943,Emitter_2,Emitter_2
5900,20.3214,8.5162,Emitter_1,Emitter_1
5900,19.4471,8.1178,Emitter_1,Emitter_1
6100,-25.8219,14.9434,Emitter_2,Emitter_2
5900,19.5838,8.1424,Emitter_1,Emitter_1
6100,-24.6753,14.7091,Emitter_2,Emitter_2
5900,19.9476,7.4507,Emitter_1,Emitter_1
6100,-25.0705,14.7925,Emitter_2,Emitter_2
5900,20.3713,7.8185,Emitter_1,Emitter_1
6100,-24.3992,15.2248,Emitter_2,Emitter_2
5900,19.7864,7.6791,Emitter_1,Emitter_1
5900,19.7383,8.1284,Emitter_1,Emitter_1
6100,-24.7394,15.1865,Emitter_2,Emitter_2
5900,19.9243,8.0986,Emitter_1,Emitter_1
6100,-25.0149,15.0593,Emitter_2,Emitter_2
5900,20.1448,8.3962,Emitter_1,Emitter_1
6100,-25.4741,14.3441,Emitter_2,Noise
5900,19.8629,7.5569,Emitter_1,Emitter_1
6100,-24.94,15.0972,Emitter_2,Emitter_2
5900,20.4269,7.9006,Emitter_1,Emitter_1
5900,20.4458,8.115,Emitter_1,Emitter_1
6100,-24.5163,15.4714,Emitter_2,Emitter_2
5900,19.9475,8.1046,Emitter_1,Emitter_1
6100,-24.372,14.7006,Emitter_2,Emitter_2
5900,20.7804,8.6231,Emitter_1,Noise
6100,-25.1409,15.1441,Emitter_2,Emitter_2
5900,20.0278,8.0481,Emitter_1,Emitter_1
6100,-23.9872,15.444,Emitter_2,Noise
5900,20.4305,7.7463,Emitter_1,Emitter_1
5900,20.1332,7.9922,Emitter_1,Emitter_1
6100,-24.5522,14.8837,Emitter_2,Emitter_2
5900,20.1256,7.75,Emitter_1,Emitter_1
6100,-25.3533,15.2367,Emitter_2,Emitter_2
5900,19.3642,7.3781,Emitter_1,Emitter_1
6100,-25.4403,14.9285,Emitter_2,Emitter_2
5900,19.553,7.8624,Emitter_1,Emitter_1
6100,-25.0459,15.4779,Emitter_2,Emitter_2
5900,19.8827,8.5812,Emitter_1,Emitter_1
5900,20.4424,7.7114,Emitter_1,Emitter_1
6100,-25.1419,14.2682,Emitter_2,Noise
5900,20.1391,7.8779,Emitter_1,Emitter_1
6100,-24.7982,14.7903,Emitter_2,Emitter_2
5900,19.8863,8.0556,Emitter_1,Emitter_1
6100,-24.9829,14.974,Emitter_2,Emitter_2
5902.0046,-62.9745,0.2652,Noise,Noise
5900,20.2477,7.8982,Emitter_1,Emitter_1
5906.1939,-41.8331,-7.1942,Noise,Noise
6100,-25.1095,15.2371,Emitter_2,Emitter_2
5900,20.4255,7.6574,Emitter_1,Emitter_1
5900,20.0025,8.7793,Emitter_1,Noise
6100,-25.6131,14.8449,Emitter_2,Emitter_2
5900,20.0892,8.43,Emitter_1,Emitter_1
6100,-24.7264,14.8158,Emitter_2,Emitter_2
5794.4686,16.8461,29.4273,Noise,Noise
5900,20.0366,8.1742,Emitter_1,Emitter_1
6100,-25.6435,15.2006,Emitter_2,Emitter_2
5900,19.9773,7.9489,Emitter_1,Emitter_1
6100,-24.5508,14.9865,Emitter_2,Emitter_2
5900,19.6882,8.1291,Emitter_1,Emitter_1
6102.8053,-47.1177,14.5629,Noise,Noise
5900,19.6594,8.1997,Emitter_1,Emitter_1
6100,-25.7843,15.2118,Emitter_2,Emitter_2
5900,20.4341,8.11,Emitter_1,Emitter_1
6100,-25.664,15.0926,Emitter_2,Emitter_2
5900,19.8855,8.1362,Emitter_1,Emitter_1
6100,-25.355,14.652,Emitter_2,Emitter_2
5900,19.8765,8.2807,Emitter_1,Emitter_1
6100,-25.1768,14.945,Emitter_2,Emitter_2
5900,19.2674,7.8993,Emitter_1,Emitter_1
5780.7975,-8.985,7.6103,Noise,Noise
5900,19.2037,7.5515,Emitter_1,Emitter_1
6100,-25.2577,15.1766,Emitter_2,Emitter_2
5900,20.5455,8.2686,Emitter_1,Emitter_1
6100,-25.1784,15.2941,Emitter_2,Emitter_2
5900,19.7122,7.5492,Emitter_1,Emitter_1
6100,-24.8875,14.7907,Emitter_2,Emitter_2
5900,18.8142,7.837,Emitter_1,Noise
6100,-25.3464,14.5058,Emitter_2,Emitter_2
5900,20.9682,8.1305,Emitter_1,Emitter_1
5900,19.7762,8.1395,Emitter_1,Emitter_1
6100,-24.8837,14.8936,Emitter_2,Emitter_2
5900,19.3756,7.9108,Emitter_1,Emitter_1
6100,-25.9489,14.8393,Emitter_2,Emitter_2
5900,20.0398,7.9742,Emitter_1,Emitter_1
6100,-25.3604,15.4727,Emitter_2,Emitter_2
5900,20.3163,8.1034,Emitter_1,Emitter_1
6100,-25.6811,14.5676,Emitter_2,Emitter_2
5900,20.2673,7.7935,Emitter_1,Emitter_1
5900,20.3591,8.4887,Emitter_1,Emitter_1
6100,-24.556,15.407,Emitter_2,Emitter_2
5900,19.6119,7.7337,Emitter_1,Emitter_1
6100,-25.298,14.8104,Emitter_2,Emitter_2
5900,20.5343,7.9426,Emitter_1,Emitter_1
6100,-24.7535,14.3019,Emitter_2,Noise
5900,20.5615,7.8672,Emitter_1,Emitter_1
6100,-25.7445,14.9158,Emitter_2,Emitter_2
5900,20.582,8.0394,Emitter_1,Emitter_1
5900,20.1033,8.4694,Emitter_1,Emitter_1
6100,-24.38,14.8693,Emitter_2,Emitter_2
5900,19.8553,7.7177,Emitter_1,Emitter_1
6100,-24.9596,15.3401,Emitter_2,Emitter_2
5900,19.8206,8.1357,Emitter_1,Emitter_1
6100,-24.1572,14.8269,Emitter_2,Emitter_2
5900,19.3737,8.1912,Emitter_1,Emitter_1
6100,-25.0067,15.5466,Emitter_2,Emitter_2
5900,19.7845,8.3443,Emitter_1,Emitter_1
5900,19.0423,7.764,Emitter_1,Noise
6100,-25.6089,15.3083,Emitter_2,Emitter_2
5900,19.3254,7.7521,Emitter_1,Emitter_1
6100,-25.4073,15.0307,Emitter_2,Emitter_2
5900,20.0991,7.9462,Emitter_1,Emitter_1
6100,-25.097,14.7126,Emitter_2,Emitter_2
5900,19.8986,7.9522,Emitter_1,Emitter_1
6100,-25.3932,15.0829,Emitter_2,Emitter_2
5900,20.0814,7.6974,Emitter_1,Emitter_1
5900,20.2827,8.1988,Emitter_1,Emitter_1
6100,-24.6018,14.9611,Emitter_2,Emitter_2
5900,20.154,8.167,Emitter_1,Emitter_1
6100,-24.972,15.1714,Emitter_2,Emitter_2
5900,20.1186,8.6105,Emitter_1,Emitter_1
6100,-25.3886,15.2219,Emitter_2,Emitter_2
5900,19.9652,7.9079,Emitter_1,Emitter_1
6100,-24.6723,15.7811,Emitter_2,Noise
5900,19.6986,7.6903,Emitter_1,Emitter_1
5900,19.5022,7.7334,Emitter_1,Emitter_1
6100,-25.1504,14.8626,Emitter_2,Emitter_2
5900,19.9717,8.1003,Emitter_1,Emitter_1
6100,-24.6924,15.2457,Emitter_2,Emitter_2
5900,20.0205,7.7703,Emitter_1,Emitter_1
6100,-25.214,14.8791,Emitter_2,Emitter_2
5900,20.3601,8.2218,Emitter_1,Emitter_1
6100,-24.7835,14.7517,Emitter_2,Emitter_2
5900,19.9361,7.8041,Emitter_1,Emitter_1
5956.6883,24.158,25.6378,Noise,Noise
5900,20.2194,8.0564,Emitter_1,Emitter_1
6100,-25.1642,15.0269,Emitter_2,Emitter_2
5900,19.4207,7.9796,Emitter_1,Emitter_1
6100,-24.6016,14.8186,Emitter_2,Emitter_2
5900,20.1048,7.7301,Emitter_1,Emitter_1
6100,-25.737,14.425,Emitter_2,Noise
5900,20.0759,7.5636,Emitter_1,Emitter_1
6100,-25.5038,14.606,Emitter_2,Emitter_2
5900,20.5345,8.3744,Emitter_1,Emitter_1
5900,19.899,8.109,Emitter_1,Emitter_1
6100,-25.0618,14.6433,Emitter_2,Emitter_2
5900,19.036,7.6531,Emitter_1,Emitter_1
6100,-25.2811,14.7678,Emitter_2,Emitter_2
5900,19.8825,7.6784,Emitter_1,Emitter_1
6100,-25.1762,15.3968,Emitter_2,Emitter_2
5900,20.2858,8.5992,Emitter_1,Emitter_1
6100,-24.7352,15.0048,Emitter_2,Emitter_2
5900,19.5294,7.7488,Emitter_1,Emitter_1
5900,20.0942,8.4833,Emitter_1,Emitter_1
6100,-25.1844,14.87,Emitter_2,Emitter_2
5900,19.5111,8.0747,Emitter_1,Emitter_1
6100,-24.8689,15.1753,Emitter_2,Emitter_2
5900,20.7285,7.5045,Emitter_1,Emitter_1
6100,-25.363,15.0109,Emitter_2,Emitter_2
5900,19.4876,7.8729,Emitter_1,Emitter_1
6100,-25.8126,15.0635,Emitter_2,Emitter_2
5900,19.7918,8.2438,Emitter_1,Emitter_1
5900,20.0967,7.4675,Emitter_1,Emitter_1
6100.213,-60.9591,20.9174,Noise,Noise
6100,-24.6951,14.916,Emitter_2,Emitter_2
5900,20.2062,7.8267,Emitter_1,Emitter_1
6100,-24.2734,14.7356,Emitter_2,Emitter_2
5900,20.5098,7.8117,Emitter_1,Emitter_1
6100,-24.913,14.9893,Emitter_2,Emitter_2
5900,19.7454,8.1623,Emitter_1,Emitter_1
6100,-25.0401,14.9657,Emitter_2,Emitter_2
5900,20.3052,8.1344,Emitter_1,Emitter_1
5900,19.3258,8.1614,Emitter_1,Emitter_1
6100,-24.9572,15.2544,Emitter_2,Emitter_2
5900,19.5863,8.0706,Emitter_1,Emitter_1
6100,-24.4489,14.9993,Emitter_2,Emitter_2
5900,19.4305,8.1339,Emitter_1,Emitter_1
6100,-24.6739,14.7895,Emitter_2,Emitter_2
5900,19.6774,7.6152,Emitter_1,Emitter_1
6100,-24.6936,14.7714,Emitter_2,Emitter_2
5900,20.2855,8.0725,Emitter_1,Emitter_1
5900,19.7544,8.4354,Emitter_1,Emitter_1
6100,-24.5637,15.6632,Emitter_2,Noise
5900,19.8237,8.0096,Emitter_1,Emitter_1
6100,-25.0488,14.3422,Emitter_2,Emitter_2
5900,20.1076,7.8141,Emitter_1,Emitter_1
6100,-25.2192,15.3696,Emitter_2,Emitter_2
5900,20.1885,7.84,Emitter_1,Emitter_1
6100,-24.7788,15.0747,Emitter_2,Emitter_2
5900,19.8353,8.4088,Emitter_1,Emitter_1
5900,19.5838,7.2762,Emitter_1,Noise
6100,-24.5965,15.1453,Emitter_2,Emitter_2
5900,20.6444,8.7648,Emitter_1,Noise
6100,-24.5129,15.2758,Emitter_2,Emitter_2
5900,19.8379,7.4189,Emitter_1,Emitter_1
6100,-24.3913,15.1076,Emitter_2,Emitter_2
5900,19.8758,7.9141,Emitter_1,Emitter_1
6100,-24.6379,14.9079,Emitter_2,Emitter_2
5900,19.924,7.666,Emitter_1,Emitter_1
5900,20.2318,8.1574,Emitter_1,Emitter_1
6100,-25.2406,15.512,Emitter_2,Emitter_2
5900,19.4022,8.2098,Emitter_1,Emitter_1
6100,-24.9135,15.2415,Emitter_2,Emitter_2
5900,20.8211,8.0516,Emitter_1,Emitter_1
6100,-24.9505,14.824,Emitter_2,Emitter_2
5900,19.8651,7.9574,Emitter_1,Emitter_1
6100,-24.9956,15.4308,Emitter_2,Emitter_2
5900,20.2461,7.4808,Emitter_1,Emitter_1
5900,20.0658,7.8829,Emitter_1,Emitter_1
6100,-24.7779,14.4866,Emitter_2,Emitter_2
5900,20.7391,7.9477,Emitter_1,Emitter_1
6100,-25.0861,15.5347,Emitter_2,Emitter_2
5900,20.6672,7.6689,Emitter_1,Emitter_1
6100,-25.0855,14.4599,Emitter_2,Emitter_2
5900,20.2349,8.0958,Emitter_1,Emitter_1
6100,-24.2428,15.2047,Emitter_2,Emitter_2
5900,19.6524,8.0532,Emitter_1,Emitter_1
5900,20.485,7.9029,Emitter_1,Emitter_1
6100,-25.028,14.8886,Emitter_2,Emitter_2
5900,19.3232,7.9947,Emitter_1,Emitter_1
6100,-24.5671,14.8374,Emitter_2,Emitter_2
6022.4915,-29.8037,5.1137,Noise,Noise
5900,19.639,7.8973,Emitter_1,Emitter_1
6100,-24.5407,15.1627,Emitter_2,Emitter_2
5900,19.9674,7.4883,Emitter_1,Emitter_1
6100,-24.9021,15.0437,Emitter_2,Emitter_2
5900,19.3537,8.1446,Emitter_1,Emitter_1
5900,19.7909,7.2306,Emitter_1,Noise
6100,-25.07,15.3137,Emitter_2,Emitter_2
5900,20.3139,8.0817,Emitter_1,Emitter_1
6100,-25.3461,14.5134,Emitter_2,Emitter_2
5900,19.7145,7.605,Emitter_1,Emitter_1
6100,-24.7542,15.1894,Emitter_2,Emitter_2
5900,20.3343,8.1048,Emitter_1,Emitter_1
6100,-24.8079,15.1223,Emitter_2,Emitter_2
5900,20.953,8.1261,Emitter_1,Emitter_1
5900,20.1551,7.9499,Emitter_1,Emitter_1
6100,-25.1282,15.2362,Emitter_2,Emitter_2
5900,20.3267,8.1875,Emitter_1,Emitter_1
6100,-25.0182,14.8539,Emitter_2,Emitter_2
5900,20.5007,7.8436,Emitter_1,Emitter_1
6100,-25.1248,15.6062,Emitter_2,Emitter_2
5900,19.8258,7.8563,Emitter_1,Emitter_1
6100,-25.694,15.1499,Emitter_2,Emitter_2
5900,20.3163,8.4495,Emitter_1,Emitter_1
5900,19.8165,7.8726,Emitter_1,Emitter_1
6100,-25.6716,14.9675,Emitter_2,Emitter_2
5900,20.1256,7.9263,Emitter_1,Emitter_1
6100,-25.1735,14.3745,Emitter_2,Emitter_2
5900,20.3808,7.3245,Emitter_1,Noise
6100,-24.8444,14.886,Emitter_2,Emitter_2
5900,19.6693,7.7653,Emitter_1,Emitter_1
6261.3641,-3.1314,16.8369,Noise,Noise
6100,-25.8397,15.2519,Emitter_2,Emitter_2
5900,19.0719,7.7109,Emitter_1,Emitter_1
5900,19.6339,7.9397,Emitter_1,Emitter_1
6100,-24.426,15.447,Emitter_2,Emitter_2
6098.9,-27.2598,9.5941,Noise,Noise
5900,20.4452,7.9265,Emitter_1,Emitter_1
6100,-24.8564,15.0138,Emitter_2,Emitter_2
5900,19.5877,7.9829,Emitter_1,Emitter_1
6100,-24.4687,15.5047,Emitter_2,Emitter_2
5900,20.4197,7.7072,Emitter_1,Emitter_1
6100,-24.5466,14.7175,Emitter_2,Emitter_2
5900,19.6358,8.1676,Emitter_1,Emitter_1
5900,19.9114,8.1942,Emitter_1,Emitter_1
6100,-24.9195,15.1319,Emitter_2,Emitter_2
5900,19.9945,8.2105,Emitter_1,Emitter_1
6100,-25.7238,15.1408,Emitter_2,Emitter_2
5900,19.586,7.9964,Emitter_1,Emitter_1
6100,-24.0908,15.192,Emitter_2,Emitter_2
5900,19.9157,7.6352,Emitter_1,Emitter_1
6100,-24.4106,15.0549,Emitter_2,Emitter_2
5900,19.3746,8.2057,Emitter_1,Emitter_1
5900,19.8596,7.6933,Emitter_1,Emitter_1
6100,-25.0293,15.1144,Emitter_2,Emitter_2
5900,19.9615,8.3384,Emitter_1,Emitter_1
6100,-25.3263,14.7109,Emitter_2,Emitter_2
5900,19.0877,7.551,Emitter_1,Emitter_1
6100,-24.4935,15.4117,Emitter_2,Emitter_2
5900,19.6308,8.4384,Emitter_1,Emitter_1
6100,-25.3964,15.2904,Emitter_2,Emitter_2
5900,20.113,8.2302,Emitter_1,Emitter_1
5900,19.5439,7.6641,Emitter_1,Emitter_1
6100,-25.0348,15.1019,Emitter_2,Emitter_2
5900,20.1791,8.0175,Emitter_1,Emitter_1
6100,-24.8159,15.2983,Emitter_2,Emitter_2
5900,20.2195,7.9437,Emitter_1,Emitter_1
6100,-24.9669,15.423,Emitter_2,Emitter_2
5900,20.1113,8.0474,Emitter_1,Emitter_1
6100,-24.8762,15.1873,Emitter_2,Emitter_2
5900,20.3111,8.2421,Emitter_1,Emitter_1
5900,19.3521,7.3258,Emitter_1,Emitter_1
6100,-25.3333,15.6476,Emitter_2,Noise
6092.7961,-59.8075,23.8011,Noise,Noise
5900,20.4007,8.3563,Emitter_1,Emitter_1
6100,-24.8121,15.2139,Emitter_2,Emitter_2
5900,19.5918,7.442,Emitter_1,Emitter_1
6100,-25.6433,14.7532,Emitter_2,Emitter_2
5900,20.0396,8.2793,Emitter_1,Emitter_1
6100,-24.5048,15.0861,Emitter_2,Emitter_2
5900,20.719,8.1549,Emitter_1,Emitter_1
5900,19.8513,7.7321,Emitter_1,Emitter_1
6100,-25.7655,15.3115,Emitter_2,Emitter_2
5900,20.0046,7.9102,Emitter_1,Emitter_1
6100,-25.2175,15.4234,Emitter_2,Emitter_2
5900,19.594,8.6146,Emitter_1,Emitter_1
6100,-25.0351,15.0614,Emitter_2,Emitter_2
5900,20.7141,8.3408,Emitter_1,Emitter_1
6100,-24.5284,14.7308,Emitter_2,Emitter_2
5900,19.6317,8.2565,Emitter_1,Emitter_1
5900,20.2559,8.1328,Emitter_1,Emitter_1
6100,-25.3971,14.9411,Emitter_2,Emitter_2
5900,20.4999,8.1906,Emitter_1,Emitter_1
6100,-24.6691,14.6007,Emitter_2,Emitter_2
5869.7877,18.5543,18.1051,Noise,Noise
5899.5655,26.7084,1.4507,Noise,Noise
5900,20.296,8.1911,Emitter_1,Emitter_1
6100,-25.6672,15.2471,Emitter_2,Emitter_2
5900,20.1363,7.4649,Emitter_1,Emitter_1
6100,-25.2412,14.8823,Emitter_2,Emitter_2
5900,20.0334,7.8331,Emitter_1,Emitter_1
5900,19.4881,8.5045,Emitter_1,Emitter_1
6100,-25.7427,14.7963,Emitter_2,Emitter_2
5900,20.6916,8.4078,Emitter_1,Emitter_1
6100,-25.003,15.2791,Emitter_2,Emitter_2
5900,20.1021,8.4052,Emitter_1,Emitter_1
6100,-25.3085,15.4972,Emitter_2,Emitter_2
5900,20.0048,8.0608,Emitter_1,Emitter_1
6100,-25.2738,14.7951,Emitter_2,Emitter_2
5900,19.5626,8.1191,Emitter_1,Emitter_1
5900,20.0242,7.6092,Emitter_1,Emitter_1
6100,-24.3851,15.0634,Emitter_2,Emitter_2
5900,19.9795,7.9761,Emitter_1,Emitter_1
6100,-25.2208,14.9535,Emitter_2,Emitter_2
5900,20.719,8.2683,Emitter_1,Emitter_1
6100,-24.4588,15.4399,Emitter_2,Emitter_2
5900,20.0046,8.0746,Emitter_1,Emitter_1
6100,-25.3267,14.9873,Emitter_2,Emitter_2
5900,20.0177,7.9391,Emitter_1,Emitter_1
5900,19.567,7.9547,Emitter_1,Emitter_1
6100,-24.9639,14.7041,Emitter_2,Emitter_2
5900,19.7016,7.6249,Emitter_1,Emitter_1
6100,-25.0223,15.0016,Emitter_2,Emitter_2
5900,20.2045,8.1174,Emitter_1,Emitter_1
6100,-24.5439,15.3622,Emitter_2,Emitter_2
5900,19.2853,7.9632,Emitter_1,Emitter_1
6100,-25.1317,14.9358,Emitter_2,Emitter_2
5900,20.3983,8.3178,Emitter_1,Emitter_1
5900,20.4103,8.0117,Emitter_1,Emitter_1
6100,-24.7343,14.8244,Emitter_2,Emitter_2
5900,19.662,7.6749,Emitter_1,Emitter_1
6100,-24.7645,14.9736,Emitter_2,Emitter_2
5900,20.1378,8.1138,Emitter_1,Emitter_1
6100,-25.3878,14.7129,Emitter_2,Emitter_2
5900,20.5149,8.33,Emitter_1,Emitter_1
6100,-24.4212,14.9531,Emitter_2,Emitter_2
5900,19.9471,7.6267,Emitter_1,Emitter_1
5900,19.8724,8.0652,Emitter_1,Emitter_1
6100,-24.3439,14.8459,Emitter_2,Emitter_2
5900,19.9192,7.8266,Emitter_1,Emitter_1
6100,-24.8835,15.7178,Emitter_2,Emitter_2
5900,20.1012,7.8488,Emitter_1,Emitter_1
6100,-25.423,14.4307,Emitter_2,Emitter_2
5900,19.7488,8.0934,Emitter_1,Emitter_1
6100,-24.4854,14.752,Emitter_2,Emitter_2
5900,19.8392,8.0732,Emitter_1,Emitter_1
5900,20.1093,7.6582,Emitter_1,Emitter_1
6100,-25.0083,14.8242,Emitter_2,Emitter_2
5891.6529,-9.8778,3.1079,Noise,Noise
5900,19.8075,8.4313,Emitter_1,Emitter_1
6100,-24.8927,14.7148,Emitter_2,Emitter_2
5900,19.5352,7.365,Emitter_1,Emitter_1
6100,-25.072,15.1349,Emitter_2,Emitter_2
5900,19.2553,8.0087,Emitter_1,Emitter_1
6100,-25.4033,14.79,Emitter_2,Emitter_2
5900,20.0124,7.9647,Emitter_1,Emitter_1
5900,20.4857,7.1981,Emitter_1,Noise
6100,-25.139,14.5714,Emitter_2,Emitter_2
5900,20.1584,8.4684,Emitter_1,Emitter_1
6100,-25.169,15.0356,Emitter_2,Emitter_2
5900,19.5489,7.8861,Emitter_1,Emitter_1
6100,-25.1598,14.9186,Emitter_2,Emitter_2
5900,19.6988,7.7317,Emitter_1,Emitter_1
6100,-25.008,14.8033,Emitter_2,Emitter_2
5900,19.8695,8.4282,Emitter_1,Emitter_1
5900,20.735,7.8992,Emitter_1,Emitter_1
6100,-24.7236,15.4308,Emitter_2,Emitter_2
5900,20.762,8.0107,Emitter_1,Emitter_1
6100,-25.1858,15.1456,Emitter_2,Emitter_2
5900,20.7015,7.972,Emitter_1,Emitter_1
5920.0459,13.5024,0.7956,Noise,Noise
6100,-25.0958,15.1096,Emitter_2,Emitter_2
5900,20.0524,8.1096,Emitter_1,Emitter_1
6100,-24.3737,15.1526,Emitter_2,Emitter_2
5900,21.2715,8.2554,Emitter_1,Noise
6101.3384,26.8117,-4.7423,Noise,Noise
5900,19.7171,8.2907,Emitter_1,Emitter_1
6100,-25.7094,15.1362,Emitter_2,Emitter_2
5900,19.8553,7.8531,Emitter_1,Emitter_1
6100,-24.5069,14.9335,Emitter_2,Emitter_2
5900,20.3634,8.0093,Emitter_1,Emitter_1
6100,-24.6017,14.793,Emitter_2,Emitter_2
5900,20.1114,8.0042,Emitter_1,Emitter_1
6100,-25.5942,15.0424,Emitter_2,Emitter_2
5900,20.1346,8.1275,Emitter_1,Emitter_1
5900,19.2252,8.2,Emitter_1,Emitter_1
6100,-25.7026,14.9281,Emitter_2,Emitter_2
5984.9827,-61.3315,19.0364,Noise,Noise
5900,19.6072,7.5673,Emitter_1,Emitter_1
6100,-24.4853,14.4271,Emitter_2,Emitter_2
5906.226,-22.8639,14.5522,Noise,Noise
5900,19.9766,8.0252,Emitter_1,Emitter_1
6100,-25.5118,14.6904,Emitter_2,Emitter_2
5900,19.7226,8.2493,Emitter_1,Emitter_1
6100,-25.0253,14.8903,Emitter_2,Emitter_2
5900,19.4631,7.8779,Emitter_1,Emitter_1
5900,19.7661,7.986,Emitter_1,Emitter_1
6100,-24.4403,15.2863,Emitter_2,Emitter_2
5900,20.1115,7.6976,Emitter_1,Emitter_1
6100,-24.8019,15.0437,Emitter_2,Emitter_2
5900,20.2897,8.0189,Emitter_1,Emitter_1
6100,-24.8427,14.7414,Emitter_2,Emitter_2
5900,19.2432,7.4124,Emitter_1,Noise
6100,-24.6571,14.6664,Emitter_2,Emitter_2
5900,19.9951,7.9337,Emitter_1,Emitter_1
5894.3427,-16.8183,0.1476,Noise,Noise
5900,19.9586,7.9916,Emitter_1,Emitter_1
6100,-24.6658,15.3558,Emitter_2,Emitter_2
5900,20.0902,8.2843,Emitter_1,Emitter_1
6100,-24.9157,14.9471,Emitter_2,Emitter_2
5900,19.5556,7.6484,Emitter_1,Emitter_1
6100,-24.8399,14.1415,Emitter_2,Noise
5900,19.5627,8.0867,Emitter_1,Emitter_1
6100,-24.8791,14.966,Emitter_2,Emitter_2
5900,20.498,7.8706,Emitter_1,Emitter_1
5900,18.9993,7.4888,Emitter_1,Noise
6100,-25.0203,15.212,Emitter_2,Emitter_2
5900,19.6668,7.8327,Emitter_1,Emitter_1
6100,-25.0299,14.6579,Emitter_2,Emitter_2
5900,19.8366,8.0116,Emitter_1,Emitter_1
6100,-25.0566,15.0203,Emitter_2,Emitter_2
5900,19.8753,8.3148,Emitter_1,Emitter_1
5805.7607,-49.4157,31.9616,Noise,Noise
6100,-24.954,15.0486,Emitter_2,Emitter_2
5900,19.7296,7.7413,Emitter_1,Emitter_1
5900,20.1916,7.5393,Emitter_1,Emitter_1
6100,-24.5843,14.6742,Emitter_2,Emitter_2
5900,20.1559,8.0308,Emitter_1,Emitter_1
6100,-24.9297,15.387,Emitter_2,Emitter_2
5900,19.941,8.4765,Emitter_1,Emitter_1
6100,-25.6938,15.0539,Emitter_2,Emitter_2
5900,19.7511,8.6181,Emitter_1,Emitter_1
6100,-25.2342,14.8888,Emitter_2,Emitter_2
5900,19.9098,7.6169,Emitter_1,Emitter_1
5900,20.028,7.6771,Emitter_1,Emitter_1
6100,-25.3619,14.9491,Emitter_2,Emitter_2
5900,19.6993,8.1191,Emitter_1,Emitter_1
6100,-24.2635,14.6207,Emitter_2,Noise
5900,20.2222,7.8133,Emitter_1,Emitter_1
6100,-25.4678,14.6094,Emitter_2,Emitter_2
5900,20.395,8.3473,Emitter_1,Emitter_1
6100,-24.309,14.8613,Emitter_2,Emitter_2
5900,20.5745,8.1588,Emitter_1,Emitter_1
5900,20.5454,7.4358,Emitter_1,Noise
6100,-25.0103,14.8792,Emitter_2,Emitter_2
5900,19.8728,7.7399,Emitter_1,Emitter_1
6100,-25.3778,14.9295,Emitter_2,Emitter_2
5900,20.0477,7.8286,Emitter_1,Emitter_1
6100,-24.0167,15.4176,Emitter_2,Noise
5900,19.9335,8.5647,Emitter_1,Emitter_1
6100,-25.3412,15.1943,Emitter_2,Emitter_2
5900,19.9321,8.1241,Emitter_1,Emitter_1
5900,19.9071,8.0227,Emitter_1,Emitter_1
6100,-25.3326,14.4671,Emitter_2,Emitter_2
5900,20.0024,8.1345,Emitter_1,Emitter_1
6100,-24.5922,15.348,Emitter_2,Emitter_2
5900,20.4661,8.4942,Emitter_1,Emitter_1
6100,-24.5816,14.859,Emitter_2,Emitter_2
5900,20.1238,8.1769,Emitter_1,Emitter_1
6100,-25.0667,15.2249,Emitter_2,Emitter_2
5900,19.5397,7.9736,Emitter_1,Emitter_1
5900,20.3761,8.2598,Emitter_1,Emitter_1
6100,-24.8434,14.8819,Emitter_2,Emitter_2
5900,20.0846,8.2659,Emitter_1,Emitter_1
6100,-25.6476,15.0342,Emitter_2,Emitter_2
5900,20.1963,8.3601,Emitter_1,Emitter_1
6100,-24.5684,14.6407,Emitter_2,Emitter_2
5900,20.1157,7.8933,Emitter_1,Emitter_1
6100,-24.7445,15.0995,Emitter_2,Emitter_2
5900,20.1343,7.1208,Emitter_1,Noise
5900,20.1532,6.9055,Emitter_1,Noise
6100,-24.6999,15.2616,Emitter_2,Emitter_2
5947.3864,58.8807,-7.2008,Noise,Noise
5900,19.3106,8.1355,Emitter_1,Emitter_1
6100,-25.2778,14.5149,Emitter_2,Emitter_2
5900,20.191,7.6513,Emitter_1,Emitter_1
6100,-25.2134,15.2667,Emitter_2,Emitter_2
5900,19.7152,8.4112,Emitter_1,Emitter_1
6100,-25.2168,14.7918,Emitter_2,Emitter_2
5900,19.8064,8.6729,Emitter_1,Emitter_1
5900,19.9992,8.1224,Emitter_1,Emitter_1
6100,-25.7285,15.5258,Emitter_2,Emitter_2
5900,20.6467,8.0393,Emitter_1,Emitter_1
6100,-24.6697,15.231,Emitter_2,Emitter_2
5900,19.5991,7.9671,Emitter_1,Emitter_1
6100,-24.6129,15.173,Emitter_2,Emitter_2
5900,19.9858,7.5906,Emitter_1,Emitter_1
6100,-25.0977,14.9509,Emitter_2,Emitter_2
5898.5693,53.8979,20.5155,Noise,Noise
5900,19.8977,7.7773,Emitter_1,Emitter_1
5900,20.3697,8.0104,Emitter_1,Emitter_1
6100,-25.171,15.7904,Emitter_2,Noise
5900,19.8869,7.9681,Emitter_1,Emitter_1
6100,-24.7776,14.8609,Emitter_2,Emitter_2
5900,20.0892,8.185,Emitter_1,Emitter_1
6100,-24.8138,14.6967,Emitter_2,Emitter_2
5900,19.6001,7.6875,Emitter_1,Emitter_1
6100,-24.3982,14.8017,Emitter_2,Emitter_2
5900,20.4419,7.8763,Emitter_1,Emitter_1
5900,19.4333,8.1331,Emitter_1,Emitter_1
6100,-24.7996,15.3198,Emitter_2,Emitter_2
5900,20.1853,7.5408,Emitter_1,Emitter_1
6100,-24.8461,15.0283,Emitter_2,Emitter_2
5900,20.0918,8.2207,Emitter_1,Emitter_1
6100,-24.9957,14.9831,Emitter_2,Emitter_2
5900,20.1498,8.1896,Emitter_1,Emitter_1
6100,-25.2307,14.8652,Emitter_2,Emitter_2
5900,19.4383,8.0993,Emitter_1,Emitter_1
5900,19.879,7.8552,Emitter_1,Emitter_1
6100,-24.4082,14.9674,Emitter_2,Emitter_2
5900,20.3482,8.4438,Emitter_1,Emitter_1
6100,-25.3143,14.8451,Emitter_2,Emitter_2
5900,20.7177,8.3944,Emitter_1,Emitter_1
6100,-24.5599,15.2027,Emitter_2,Emitter_2
5900,19.9561,8.1058,Emitter_1,Emitter_1
6100,-24.7759,14.9227,Emitter_2,Emitter_2
5900,20.3067,8.0364,Emitter_1,Emitter_1
5900,20.0523,8.2471,Emitter_1,Emitter_1
6100,-24.7707,14.8069,Emitter_2,Emitter_2
5900,19.9763,7.7812,Emitter_1,Emitter_1
6100,-25.1038,15.2909,Emitter_2,Emitter_2
5900,19.8342,8.1902,Emitter_1,Emitter_1
6100,-24.6503,14.7054,Emitter_2,Emitter_2
5900,20.0012,8.1021,Emitter_1,Emitter_1
6100,-25.3422,15.0326,Emitter_2,Emitter_2
5900,20.268,7.8875,Emitter_1,Emitter_1
5900,20.3025,8.1137,Emitter_1,Emitter_1
6100,-24.3095,14.4253,Emitter_2,Noise
5900,19.5061,8.4327,Emitter_1,Emitter_1
6100,-24.8887,14.5872,Emitter_2,Emitter_2
5900,19.7997,7.5035,Emitter_1,Emitter_1
6100,-25.2537,14.8907,Emitter_2,Emitter_2
5900,19.582,7.6937,Emitter_1,Emitter_1
6100,-25.1682,14.8399,Emitter_2,Emitter_2
5900,20.0209,7.9178,Emitter_1,Emitter_1
5900,19.8653,8.1859,Emitter_1,Emitter_1
6100,-24.9971,14.8394,Emitter_2,Emitter_2
5900,20.136,8.0948,Emitter_1,Emitter_1
6100,-25.585,15.234,Emitter_2,Emitter_2
5900,20.1639,8.1848,Emitter_1,Emitter_1
6100,-24.6989,15.253,Emitter_2,Emitter_2
5900,19.1568,7.8907,Emitter_1,Emitter_1
6100,-25.6163,15.0897,Emitter_2,Emitter_2
5900,19.1279,8.0108,Emitter_1,Emitter_1
5900,19.9981,8.3137,Emitter_1,Emitter_1
6100,-24.7296,14.6906,Emitter_2,Emitter_2
5981.8129,61.6775,-6.4272,Noise,Noise
5900,20.4751,8.0608,Emitter_1,Emitter_1
6100,-24.9963,14.9651,Emitter_2,Emitter_2
5900,19.7999,8.1455,Emitter_1,Emitter_1
6100,-24.2631,15.5773,Emitter_2,Noise
5900,19.7888,7.9996,Emitter_1,Emitter_1
6100,-25.6657,15.7482,Emitter_2,Noise
5900,20.3945,7.8327,Emitter_1,Emitter_1
5900,20.3223,8.2032,Emitter_1,Emitter_1
6100,-25.3661,15.2942,Emitter_2,Emitter_2
5900,19.6181,8.2922,Emitter_1,Emitter_1
6100,-24.6118,14.7013,Emitter_2,Emitter_2
5900,20.2794,8.0306,Emitter_1,Emitter_1
6100,-24.8027,14.9677,Emitter_2,Emitter_2
5900,19.6951,7.7422,Emitter_1,Emitter_1
6100,-24.7783,15.0692,Emitter_2,Emitter_2
5900,19.7849,8.1628,Emitter_1,Emitter_1
5900,19.6177,8.1313,Emitter_1,Emitter_1
6100,-24.5215,15.0226,Emitter_2,Emitter_2
5900,19.5033,7.9388,Emitter_1,Emitter_1
6100,-25.0671,15.3288,Emitter_2,Emitter_2
5900,20.0439,8.7335,Emitter_1,Noise
6100,-24.7678,15.2195,Emitter_2,Emitter_2
5900,19.4491,8.4416,Emitter_1,Emitter_1
6100,-25.2658,14.6864,Emitter_2,Emitter_2
5900,20.0599,8.1234,Emitter_1,Emitter_1
5900,20.0473,8.1334,Emitter_1,Emitter_1
6100,-25.2271,14.8138,Emitter_2,Emitter_2
5900,19.9385,8.4362,Emitter_1,Emitter_1
6100,-24.6855,15.2928,Emitter_2,Emitter_2
5900,19.8174,8.3397,Emitter_1,Emitter_1
6100,-25.0621,15.4293,Emitter_2,Emitter_2
5900,19.7423,7.9819,Emitter_1,Emitter_1
6100,-24.4526,15.073,Emitter_2,Emitter_2
5900,19.5712,8.1365,Emitter_1,Emitter_1
5900,20.5781,7.9768,Emitter_1,Emitter_1
6100,-25.3288,15.4726,Emitter_2,Emitter_2
5900,19.9212,7.6656,Emitter_1,Emitter_1
6100,-25.0244,15.0378,Emitter_2,Emitter_2
5900,19.9083,7.5222,Emitter_1,Emitter_1
6100,-25.1358,14.7331,Emitter_2,Emitter_2
5900,19.6348,8.068,Emitter_1,Emitter_1
6292.1353,55.7609,2.1909,Noise,Noise
6100,-25.5875,15.1899,Emitter_2,Emitter_2
5900,20.5276,8.8428,Emitter_1,Noise
5900,19.7654,8.4306,Emitter_1,Emitter_1
6100,-25.3134,15.9179,Emitter_2,Noise
5900,20.0975,7.9546,Emitter_1,Emitter_1
6100,-25.4344,14.6228,Emitter_2,Emitter_2
5900,20.173,8.0186,Emitter_1,Emitter_1
6100,-24.7959,15.4588,Emitter_2,Emitter_2
6097.7538,3.0118,28.9848,Noise,Noise
5900,20.0442,7.8775,Emitter_1,Emitter_1
6100,-24.9742,15.1717,Emitter_2,Emitter_2
5900,19.4408,7.5369,Emitter_1,Emitter_1
6060.0405,-24.5617,8.0027,Noise,Noise
5900,20.2613,7.917,Emitter_1,Emitter_1
6100,-25.7374,14.7967,Emitter_2,Emitter_2
5900,19.7616,8.0026,Emitter_1,Emitter_1
6100,-25.4294,14.4315,Emitter_2,Emitter_2
5900,20.318,8.0541,Emitter_1,Emitter_1
6100,-24.9532,14.3272,Emitter_2,Emitter_2
5900,19.7376,8.3679,Emitter_1,Emitter_1
6100,-25.5289,14.8388,Emitter_2,Emitter_2
5900,20.6317,8.1484,Emitter_1,Emitter_1
5900,20.3895,8.3726,Emitter_1,Emitter_1
6100,-25.3325,15.1189,Emitter_2,Emitter_2
5900,20.452,8.1842,Emitter_1,Emitter_1
6100,-24.8778,15.2681,Emitter_2,Emitter_2
5900,20.2393,8.1559,Emitter_1,Emitter_1
6100,-24.699,15.3422,Emitter_2,Emitter_2
5900,19.5611,8.2102,Emitter_1,Emitter_1
6100,-25.0008,15.091,Emitter_2,Emitter_2
5900,19.4577,7.7616,Emitter_1,Emitter_1
5900,20.5214,8.2521,Emitter_1,Emitter_1
6100,-24.7954,15.0425,Emitter_2,Emitter_2
5900,20.595,7.9185,Emitter_1,Emitter_1
6100,-25.1589,14.9003,Emitter_2,Emitter_2
5900,19.5391,7.9279,Emitter_1,Emitter_1
6100,-25.327,15.1265,Emitter_2,Emitter_2
5900,20.0408,8.0237,Emitter_1,Emitter_1
6100,-25.0376,14.801,Emitter_2,Emitter_2
5900,20.4535,7.8916,Emitter_1,Emitter_1
5900,20.1408,7.7034,Emitter_1,Emitter_1
6100,-25.2649,14.6369,Emitter_2,Emitter_2
5900,20.1801,8.0009,Emitter_1,Emitter_1
6100,-24.6085,15.0236,Emitter_2,Emitter_2
5900,19.7001,7.9293,Emitter_1,Emitter_1
6100,-25.3451,15.2426,Emitter_2,Emitter_2
5900,19.9263,7.919,Emitter_1,Emitter_1
6100,-25.2242,14.578,Emitter_2,Emitter_2
5780.0975,-46.3645,24.4117,Noise,Noise
5900,20.7085,7.9705,Emitter_1,Emitter_1
5900,19.9024,7.3708,Emitter_1,Emitter_1
6100,-24.5915,14.8389,Emitter_2,Emitter_2
5900,19.6423,7.9211,Emitter_1,Emitter_1
6100,-25.1636,15.0124,Emitter_2,Emitter_2
5898.4194,-16.3322,18.7398,Noise,Noise
5900,19.7257,8.4145,Emitter_1,Emitter_1
6100,-24.543,15.006,Emitter_2,Emitter_2
5900,19.934,8.3865,Emitter_1,Emitter_1
6100,-25.4796,15.1632,Emitter_2,Emitter_2
5900,20.0247,8.0112,Emitter_1,Emitter_1
5900,19.9645,8.0011,Emitter_1,Emitter_1
6100,-25.194,15.5664,Emitter_2,Emitter_2
5900,20.6875,7.3041,Emitter_1,Noise
6100,-25.0004,14.3295,Emitter_2,Emitter_2
5900,19.1994,7.837,Emitter_1,Emitter_1
6100,-24.8571,15.5834,Emitter_2,Emitter_2
5900,20.0058,8.207,Emitter_1,Emitter_1
6100,-24.3696,15.5493,Emitter_2,Emitter_2
6156.4527,49.5603,13.8806,Noise,Noise
5900,20.1892,7.8847,Emitter_1,Emitter_1
6191.9311,-3.3111,26.6173,Noise,Noise
5900,20.4076,8.3091,Emitter_1,Emitter_1
6100,-25.4079,15.2736,Emitter_2,Emitter_2
5900,20.0736,8.2888,Emitter_1,Emitter_1
6100,-25.2888,15.0673,Emitter_2,Emitter_2
5900,20.1091,7.8316,Emitter_1,Emitter_1
6100,-25.5092,14.8067,Emitter_2,Emitter_2
5900,20.2791,8.0332,Emitter_1,Emitter_1
5899.3678,2.4312,13.794,Noise,Noise
6100,-25.2705,15.2696,Emitter_2,Emitter_2
5900,20.0005,8.4419,Emitter_1,Emitter_1
6080.2306,-9.0347,0.7135,Noise,Noise
5900,19.0197,7.5747,Emitter_1,Emitter_1
6100,-24.6797,15.083,Emitter_2,Emitter_2
5900,19.5252,7.891,Emitter_1,Emitter_1
6100,-25.5402,14.9065,Emitter_2,Emitter_2
5900,19.8982,7.5478,Emitter_1,Emitter_1
6100,-25.2984,15.2609,Emitter_2,Emitter_2
5900,19.6059,7.7417,Emitter_1,Emitter_1
6100,-24.5287,15.3169,Emitter_2,Emitter_2
5900,20.983,8.5405,Emitter_1,Noise
5900,19.8353,7.8909,Emitter_1,Emitter_1
6100,-25.3021,14.1781,Emitter_2,Noise
5900,19.5403,7.4276,Emitter_1,Emitter_1
6100,-25.7068,15.4265,Emitter_2,Emitter_2
5900,19.9532,7.7006,Emitter_1,Emitter_1
6100,-25.1605,14.7748,Emitter_2,Emitter_2
5900,19.9661,7.5199,Emitter_1,Emitter_1
6220.1052,54.9826,0.2941,Noise,Noise
6100,-24.3429,15.3795,Emitter_2,Emitter_2
5900,19.6952,8.0446,Emitter_1,Emitter_1
5900,20.1465,8.1252,Emitter_1,Emitter_1
6100,-24.9902,14.912,Emitter_2,Emitter_2
5900,19.4718,8.2564,Emitter_1,Emitter_1
6100,-25.0528,15.0681,Emitter_2,Emitter_2
5900,19.6799,8.1899,Emitter_1,Emitter_1
6100,-24.36,15.1267,Emitter_2,Emitter_2
5904.2933,42.7242,-2.4459,Noise,Noise
5900,19.9957,7.5871,Emitter_1,Emitter_1
6100,-24.7096,15.3508,Emitter_2,Emitter_2
5900,19.8735,8.1096,Emitter_1,Emitter_1
5900,20.2452,7.9577,Emitter_1,Emitter_1
6204.9686,4.0857,15.4444,Noise,Noise
6100,-25.4679,15.2265,Emitter_2,Emitter_2
5900,20.6127,8.3023,Emitter_1,Emitter_1
6100,-25.1178,14.2452,Emitter_2,Noise
5900,19.8973,8.225,Emitter_1,Emitter_1
6100,-25.8513,14.6946,Emitter_2,Emitter_2
5900,20.7735,8.5881,Emitter_1,Noise
6100,-24.7875,15.0341,Emitter_2,Emitter_2
5900,19.5088,7.722,Emitter_1,Emitter_1
5900,20.594,7.6825,Emitter_1,Emitter_1
6100,-24.9263,15.5853,Emitter_2,Emitter_2
6006.0998,-0.3782,2.542,Noise,Noise
5900,19.471,7.8541,Emitter_1,Emitter_1
6100,-25.5076,14.9918,Emitter_2,Emitter_2
5900,20.1681,7.9693,Emitter_1,Emitter_1
6100,-24.8782,14.7791,Emitter_2,Emitter_2
5900,19.7398,7.7977,Emitter_1,Emitter_1
6100,-24.9887,14.52,Emitter_2,Emitter_2
5900,19.7151,7.7361,Emitter_1,Emitter_1
5900,20.9127,8.0893,Emitter_1,Emitter_1
6100,-24.436,14.7955,Emitter_2,Emitter_2
5900,20.3547,7.8533,Emitter_1,Emitter_1
5899.718,-52.8816,-5.0783,Noise,Noise
6100,-24.1874,14.9903,Emitter_2,Emitter_2
5900,19.9256,7.7859,Emitter_1,Emitter_1
6100,-24.5888,14.984,Emitter_2,Emitter_2
5900,18.9393,7.5866,Emitter_1,Emitter_1
5842.8288,-40.1849,16.332,Noise,Noise
6100,-25.0123,14.8248,Emitter_2,Emitter_2
5900,19.2758,7.3251,Emitter_1,Emitter_1
5900,19.5219,8.3975,Emitter_1,Emitter_1
6100,-24.9524,15.0954,Emitter_2,Emitter_2
5900,19.9822,8.3872,Emitter_1,Emitter_1
6100,-25.3137,14.9625,Emitter_2,Emitter_2
5900,20.1644,8.2348,Emitter_1,Emitter_1
6100,-25.244,15.6899,Emitter_2,Noise
5900,19.6396,8.1572,Emitter_1,Emitter_1
6100,-25.0359,15.4636,Emitter_2,Emitter_2
5900,20.2915,7.827,Emitter_1,Emitter_1
5900,20.2238,8.1699,Emitter_1,Emitter_1
6100,-25.0782,15.0778,Emitter_2,Emitter_2
5806.6887,-37.7311,-4.3547,Noise,Noise
5900,19.7802,7.6632,Emitter_1,Emitter_1
6100,-25.5285,14.8659,Emitter_2,Emitter_2
5900,19.5263,8.026,Emitter_1,Emitter_1
6100,-24.9158,15.4758,Emitter_2,Emitter_2
5900,20.1308,7.7622,Emitter_1,Emitter_1
6100,-24.9112,15.4151,Emitter_2,Emitter_2
5900,20.0106,8.1712,Emitter_1,Emitter_1
5900,20.2473,8.4656,Emitter_1,Emitter_1
6100,-24.7437,15.4882,Emitter_2,Emitter_2
5900,20.5108,7.6996,Emitter_1,Emitter_1
6100,-25.0236,15.7171,Emitter_2,Emitter_2
5900,20.6734,7.8407,Emitter_1,Emitter_1
6100,-25.1942,14.7701,Emitter_2,Emitter_2
5900,20.4179,8.0204,Emitter_1,Emitter_1
6100,-25.484,15.6993,Emitter_2,Noise
5900.031,-9.6951,30.3611,Noise,Noise
5900,19.8351,7.4577,Emitter_1,Emitter_1
5900,19.9314,7.5322,Emitter_1,Emitter_1
6100,-24.6722,14.8998,Emitter_2,Emitter_2
5900,20.3869,8.455,Emitter_1,Emitter_1
6100,-24.5004,15.2063,Emitter_2,Emitter_2
5900,19.6812,8.0906,Emitter_1,Emitter_1
6100,-24.2135,14.5357,Emitter_2,Noise
5900,19.7098,7.8115,Emitter_1,Emitter_1
6100,-25.1061,14.8612,Emitter_2,Emitter_2
5900,20.3098,7.9884,Emitter_1,Emitter_1
5900,20.6959,7.8553,Emitter_1,Emitter_1
6100,-25.7895,15.3181,Emitter_2,Emitter_2
5900,20.3997,8.0292,Emitter_1,Emitter_1
6100,-25.1082,15.2219,Emitter_2,Emitter_2
5900,20.3183,7.8659,Emitter_1,Emitter_1
6100,-24.0561,14.894,Emitter_2,Emitter_2
5900,19.9802,7.9654,Emitter_1,Emitter_1
6100,-25.1685,15.0356,Emitter_2,Emitter_2
5900,19.6656,8.1986,Emitter_1,Emitter_1
5900,20.2601,8.1781,Emitter_1,Emitter_1
6100,-24.6051,14.83,Emitter_2,Emitter_2
5900,20.6148,8.4348,Emitter_1,Emitter_1
6100,-25.2524,15.3172,Emitter_2,Emitter_2
5900,19.85,8.1119,Emitter_1,Emitter_1
6100,-24.8485,14.3866,Emitter_2,Noise
5900,19.7506,8.007,Emitter_1,Emitter_1
6222.1846,27.9392,-5.2424,Noise,Noise
6100,-25.4902,15.4504,Emitter_2,Emitter_2
5900,19.7601,8.486,Emitter_1,Emitter_1
5900,20.1455,7.9346,Emitter_1,Emitter_1
6100,-24.8392,14.7713,Emitter_2,Emitter_2
5900,20.4774,7.3488,Emitter_1,Emitter_1
6100,-25.0682,15.004,Emitter_2,Emitter_2
5900,19.1944,8.2388,Emitter_1,Emitter_1
6100,-24.7057,14.5925,Emitter_2,Emitter_2
5900,20.0242,8.0751,Emitter_1,Emitter_1
6100,-25.3364,15.0819,Emitter_2,Emitter_2
5900,19.4694,7.993,Emitter_1,Emitter_1
5900,20.8014,8.2473,Emitter_1,Emitter_1
6100,-25.0399,15.1716,Emitter_2,Emitter_2
5900,20.0679,7.8683,Emitter_1,Emitter_1
6100,-25.4918,15.1071,Emitter_2,Emitter_2
5900,19.8422,7.3612,Emitter_1,Emitter_1
6100,-24.5634,15.146,Emitter_2,Emitter_2
5900,20.1031,8.2536,Emitter_1,Emitter_1
6100,-24.9444,14.9712,Emitter_2,Emitter_2
5900,19.3698,7.8016,Emitter_1,Emitter_1
5900,19.537,7.7104,Emitter_1,Emitter_1
6100,-25.3339,14.9784,Emitter_2,Emitter_2
5900,20.0214,7.3747,Emitter_1,Emitter_1
6100,-24.4961,14.9643,Emitter_2,Emitter_2
5900,20.2457,8.2262,Emitter_1,Emitter_1
6100,-25.3559,14.8523,Emitter_2,Emitter_2
5900,19.8996,7.2558,Emitter_1,Emitter_1
6100,-24.9197,14.8879,Emitter_2,Emitter_2
5900,19.6014,8.3699,Emitter_1,Emitter_1
5900,18.8888,7.8957,Emitter_1,Noise
6100,-24.8059,15.1569,Emitter_2,Emitter_2
5900,19.528,8.2414,Emitter_1,Emitter_1
6100,-24.6444,15.4271,Emitter_2,Emitter_2
5900,19.73,8.1212,Emitter_1,Emitter_1
6100,-24.6017,14.7197,Emitter_2,Emitter_2
5900,20.2262,8.5509,Emitter_1,Emitter_1
6100,-25.3614,14.9773,Emitter_2,Emitter_2
5900,19.9188,8.1128,Emitter_1,Emitter_1
5900,19.406,8.3571,Emitter_1,Emitter_1
6100,-25.1805,14.6585,Emitter_2,Emitter_2
6056.0041,58.0991,-3.7599,Noise,Noise
5900,19.6958,7.8318,Emitter_1,Emitter_1
5901.6886,25.3238,2.9539,Noise,Noise
6100,-25.1767,14.8576,Emitter_2,Emitter_2
5900,19.9911,7.5311,Emitter_1,Emitter_1
6100,-25.2687,14.9053,Emitter_2,Emitter_2
5900,20.0915,8.2902,Emitter_1,Emitter_1
6100,-24.5286,15.0598,Emitter_2,Emitter_2
5900,20.1172,7.5233,Emitter_1,Emitter_1
5900,19.9505,8.2226,Emitter_1,Emitter_1
6100,-24.0113,15.0512,Emitter_2,Emitter_2
5900,19.2488,7.6776,Emitter_1,Emitter_1
6100,-25.116,15.0012,Emitter_2,Emitter_2
5900,20.3506,8.081,Emitter_1,Emitter_1
6100,-24.8974,15.1306,Emitter_2,Emitter_2
5900,20.1648,8.5578,Emitter_1,Emitter_1
6100,-24.1693,14.7464,Emitter_2,Emitter_2
5900,20.1874,8.1974,Emitter_1,Emitter_1
5900,21.0843,7.9359,Emitter_1,Noise
6100,-24.6564,15.0623,Emitter_2,Emitter_2
5922.4329,-53.2533,11.9187,Noise,Noise
5900,19.6808,8.1283,Emitter_1,Emitter_1
6100,-25.6284,15.2312,Emitter_2,Emitter_2
5900,20.1756,7.842,Emitter_1,Emitter_1
6100,-24.493,14.7428,Emitter_2,Emitter_2
5900,19.587,8.693,Emitter_1,Emitter_1
6100,-25.0036,14.4824,Emitter_2,Emitter_2
5900,20.1307,7.7803,Emitter_1,Emitter_1
5900,20.3664,7.9673,Emitter_1,Emitter_1
6100,-25.5035,15.3144,Emitter_2,Emitter_2
5900,19.8988,8.1687,Emitter_1,Emitter_1
6100,-25.1866,14.6674,Emitter_2,Emitter_2
5794.9007,-46.3655,30.154,Noise,Noise
5900,19.4832,8.1058,Emitter_1,Emitter_1
6100,-24.9082,14.8433,Emitter_2,Emitter_2
5900,20.7652,8.1399,Emitter_1,Emitter_1
6100,-25.1883,15.2218,Emitter_2,Emitter_2
5900,19.8495,7.8479,Emitter_1,Emitter_1
5900,19.8359,7.9238,Emitter_1,Emitter_1
6100,-25.4647,14.7284,Emitter_2,Emitter_2
5900,19.8489,8.2749,Emitter_1,Emitter_1
6100,-24.9384,15.2908,Emitter_2,Emitter_2
5900,19.3067,8.2586,Emitter_1,Emitter_1
6100,-24.5047,14.8005,Emitter_2,Emitter_2
5900,19.8481,8.1131,Emitter_1,Emitter_1
6100,-24.625,14.7648,Emitter_2,Emitter_2
5900,19.5492,8.3986,Emitter_1,Emitter_1
5900.8891,-39.3926,-4.9455,Noise,Noise
5900,20.4983,8.2879,Emitter_1,Emitter_1
6100,-24.2695,14.6599,Emitter_2,Emitter_2
5900,19.3941,8.2487,Emitter_1,Emitter_1
5851.1543,-57.8794,-2.4241,Noise,Noise
6100,-24.4686,14.8031,Emitter_2,Emitter_2
5900,20.1619,7.5184,Emitter_1,Emitter_1
6100,-24.1947,15.1774,Emitter_2,Emitter_2
5900,19.9903,8.1094,Emitter_1,Emitter_1
6100,-25.4064,14.8433,Emitter_2,Emitter_2
5900,20.2224,8.0532,Emitter_1,Emitter_1
5900,20.1165,8.4421,Emitter_1,Emitter_1
6100,-24.6875,15.3158,Emitter_2,Emitter_2
5900,20.4904,7.1399,Emitter_1,Noise
6100,-25.0283,15.0134,Emitter_2,Emitter_2
5900,19.873,7.9506,Emitter_1,Emitter_1
6100,-24.6967,15.0395,Emitter_2,Emitter_2
5900,19.2992,8.0283,Emitter_1,Emitter_1
6100,-25.5174,14.7561,Emitter_2,Emitter_2
5900,20.4995,7.674,Emitter_1,Emitter_1
5900,20.1346,7.7253,Emitter_1,Emitter_1
6100,-24.906,15.3646,Emitter_2,Emitter_2
5900,19.7312,8.4432,Emitter_1,Emitter_1
6100,-24.3536,15.2339,Emitter_2,Emitter_2
5900,19.783,8.1387,Emitter_1,Emitter_1
6100,-24.8851,15.2246,Emitter_2,Emitter_2
5900,19.2515,8.5587,Emitter_1,Noise
6100,-25.2667,14.954,Emitter_2,Emitter_2
5900,20.2411,7.9453,Emitter_1,Emitter_1
5900,20.2302,7.5771,Emitter_1,Emitter_1
6100,-25.3297,14.6254,Emitter_2,Emitter_2
5900,20.473,7.9028,Emitter_1,Emitter_1
6100,-24.8666,15.0557,Emitter_2,Emitter_2
5900,19.9184,7.8525,Emitter_1,Emitter_1
6100,-24.7249,15.1638,Emitter_2,Emitter_2
5900,19.7677,8.2084,Emitter_1,Emitter_1
6100,-24.9029,15.167,Emitter_2,Emitter_2
5900,20.1024,8.1955,Emitter_1,Emitter_1
5900,19.9965,8.154,Emitter_1,Emitter_1
6100,-25.0171,15.1239,Emitter_2,Emitter_2
5900,19.8325,8.6689,Emitter_1,Emitter_1
6100,-25.2905,15.1109,Emitter_2,Emitter_2
5900,19.3728,8.3783,Emitter_1,Emitter_1
6100,-24.7326,14.7991,Emitter_2,Emitter_2
5900,20.5472,7.7444,Emitter_1,Emitter_1
6100,-24.9793,14.8129,Emitter_2,Emitter_2
5900,20.8917,8.2986,Emitter_1,Emitter_1
5996.0905,-53.6458,9.6407,Noise,Noise
5900,20.3885,8.0084,Emitter_1,Emitter_1
6100,-25.2106,14.6625,Emitter_2,Emitter_2
5900,19.9131,7.9372,Emitter_1,Emitter_1
6100,-24.4937,15.3197,Emitter_2,Emitter_2
5900,20.1562,8.4204,Emitter_1,Emitter_1
6100,-24.785,15.5917,Emitter_2,Emitter_2
5900,20.0725,7.7266,Emitter_1,Emitter_1
6100,-25.0757,15.9095,Emitter_2,Noise
5900,20.3298,8.2763,Emitter_1,Emitter_1
5900,20.2619,8.2236,Emitter_1,Emitter_1
6100,-25.091,15.0766,Emitter_2,Emitter_2
5900,19.8916,7.7213,Emitter_1,Emitter_1
6100,-25.1591,15.1117,Emitter_2,Emitter_2
5895.7594,-55.6615,0.8052,Noise,Noise
5900,19.6527,7.5094,Emitter_1,Emitter_1
6100,-24.6658,14.9658,Emitter_2,Emitter_2
5900,20.0948,7.975,Emitter_1,Emitter_1
6100,-24.2893,15.0717,Emitter_2,Emitter_2
5900,19.824,7.1133,Emitter_1,Noise
5900,19.5011,8.3363,Emitter_1,Emitter_1
6100,-24.8918,14.7273,Emitter_2,Emitter_2
5900,19.7341,8.1082,Emitter_1,Emitter_1
6100,-24.8326,14.9598,Emitter_2,Emitter_2
5900,19.4437,8.4316,Emitter_1,Emitter_1
5983.3765,63.7575,31.8506,Noise,Noise
6100,-25.2433,14.7671,Emitter_2,Emitter_2
5900,19.9424,8.087,Emitter_1,Emitter_1
6100,-23.9313,14.921,Emitter_2,Noise
5900,20.9303,8.4549,Emitter_1,Noise
5900,19.8774,7.822,Emitter_1,Emitter_1
6100,-25.5828,14.7905,Emitter_2,Emitter_2
5900,19.8698,8.153,Emitter_1,Emitter_1
6100,-25.0206,15.164,Emitter_2,Emitter_2
5900,19.9579,7.8814,Emitter_1,Emitter_1
6100,-24.7781,15.203,Emitter_2,Emitter_2
5900,20.5869,7.9657,Emitter_1,Emitter_1
6100,-25.2579,15.1021,Emitter_2,Emitter_2
5900,20.9198,8.0272,Emitter_1,Emitter_1
5900,20.7141,8.1072,Emitter_1,Emitter_1
6100,-25.3504,14.8141,Emitter_2,Emitter_2
6287.773,-54.5116,4.9429,Noise,Noise
6095.4331,-52.6196,10.1277,Noise,Noise
5900,20.3852,7.7826,Emitter_1,Emitter_1
6100,-25.3671,14.6435,Emitter_2,Emitter_2
5900,19.6585,8.1379,Emitter_1,Emitter_1
6100,-24.5743,15.2066,Emitter_2,Emitter_2
5900,20.3954,8.0121,Emitter_1,Emitter_1
6100,-24.6093,15.0118,Emitter_2,Emitter_2
5900,19.4854,7.5919,Emitter_1,Emitter_1
5919.8312,-41.554,20.644,Noise,Noise
5900,19.4291,7.4697,Emitter_1,Emitter_1
6100,-24.6893,14.4716,Emitter_2,Emitter_2
5900,20.0438,8.3375,Emitter_1,Emitter_1
6100,-24.6548,15.0531,Emitter_2,Emitter_2
5900,19.9946,7.3219,Emitter_1,Emitter_1
6100,-24.7492,15.114,Emitter_2,Emitter_2
5900,19.9237,7.9512,Emitter_1,Emitter_1
6100,-25.3948,14.5506,Emitter_2,Emitter_2
5900,20.8384,7.5629,Emitter_1,Emitter_1
5900,19.8437,8.5118,Emitter_1,Emitter_1
6100,-25.2848,15.1695,Emitter_2,Emitter_2
5900,20.18,8.169,Emitter_1,Emitter_1
6100,-24.724,14.5896,Emitter_2,Emitter_2
5900,20.0458,8.099,Emitter_1,Emitter_1
6100,-25.3924,14.783,Emitter_2,Emitter_2
5900,20.311,7.7572,Emitter_1,Emitter_1
6100,-25.1429,14.5914,Emitter_2,Emitter_2
5900,20.3512,7.5881,Emitter_1,Emitter_1
5900,20.1313,8.0536,Emitter_1,Emitter_1
6100,-25.5688,14.7534,Emitter_2,Emitter_2
5914.2694,-33.673,13.5357,Noise,Noise
5900,19.7535,7.9932,Emitter_1,Emitter_1
6100,-24.9655,14.6458,Emitter_2,Emitter_2
5900,19.751,7.6785,Emitter_1,Emitter_1
6100,-25.0463,15.3176,Emitter_2,Emitter_2
5900,19.8586,7.6688,Emitter_1,Emitter_1
6100,-25.5207,14.9381,Emitter_2,Emitter_2
5900,20.1291,7.655,Emitter_1,Emitter_1
5900,20.2848,7.6456,Emitter_1,Emitter_1
6100,-24.5901,14.8745,Emitter_2,Emitter_2
5900,19.7735,7.8126,Emitter_1,Emitter_1
6100,-25.2295,15.349,Emitter_2,Emitter_2
5900,20.5301,8.0991,Emitter_1,Emitter_1
6093.2892,-43.9948,16.4889,Noise,Noise
6100,-25.1225,15.3313,Emitter_2,Emitter_2
5900,19.9153,8.1496,Emitter_1,Emitter_1
6100,-24.8284,14.8971,Emitter_2,Emitter_2
5900,19.1571,7.9871,Emitter_1,Emitter_1
5881.893,-42.5923,29.1907,Noise,Noise
5900,20.799,8.0397,Emitter_1,Emitter_1
6100,-24.8081,15.0961,Emitter_2,Emitter_2
5900,20.0272,8.1644,Emitter_1,Emitter_1
6100,-24.5916,14.8355,Emitter_2,Emitter_2
5900,20.3582,7.4008,Emitter_1,Noise
5725.802,6.2743,2.0244,Noise,Noise
6100,-24.9835,14.9815,Emitter_2,Emitter_2
5900,19.3271,8.0631,Emitter_1,Emitter_1
5902.6651,28.7651,0.8679,Noise,Noise
6100,-24.7183,14.6924,Emitter_2,Emitter_2
5900,19.714,8.3936,Emitter_1,Emitter_1
5900,19.8739,7.4196,Emitter_1,Emitter_1
6100,-24.5932,15.1399,Emitter_2,Emitter_2
5900,19.4928,7.1751,Emitter_1,Noise
6100,-25.5268,15.3625,Emitter_2,Emitter_2
5846.6927,-24.0658,28.0948,Noise,Noise
5900,19.9063,7.9435,Emitter_1,Emitter_1
6100,-24.1064,15.3006,Emitter_2,Noise
5900,19.8302,8.3237,Emitter_1,Emitter_1
6100,-24.4292,15.0256,Emitter_2,Emitter_2
5900,20.4794,7.9489,Emitter_1,Emitter_1
5900,19.1461,8.1852,Emitter_1,Emitter_1
6100,-25.6646,14.4468,Emitter_2,Noise
5900,20.2221,8.0928,Emitter_1,Emitter_1
6100,-24.898,14.8224,Emitter_2,Emitter_2
5900,20.3926,7.6506,Emitter_1,Emitter_1
6100,-25.3658,14.9812,Emitter_2,Emitter_2
5900,20.8035,7.7122,Emitter_1,Emitter_1
6100,-24.7538,14.5642,Emitter_2,Emitter_2
5900,20.2997,7.4938,Emitter_1,Emitter_1
5900,19.6279,8.4549,Emitter_1,Emitter_1
6100,-25.1796,15.453,Emitter_2,Emitter_2
5900,19.8956,8.252,Emitter_1,Emitter_1
6100,-25.4301,15.2609,Emitter_2,Emitter_2
5900,20.0948,7.9685,Emitter_1,Emitter_1
6100,-25.1939,15.1637,Emitter_2,Emitter_2
5900,20.5455,7.929,Emitter_1,Emitter_1
6100,-24.5611,15.2224,Emitter_2,Emitter_2
5900,19.2877,7.759,Emitter_1,Emitter_1
5900,20.2205,8.1187,Emitter_1,Emitter_1
6100,-24.6363,14.6545,Emitter_2,Emitter_2
5900,19.3732,7.7827,Emitter_1,Emitter_1
6100,-24.5545,14.7442,Emitter_2,Emitter_2
5900,19.7673,7.8904,Emitter_1,Emitter_1
6100,-24.8962,15.0775,Emitter_2,Emitter_2
5900,19.4496,7.8115,Emitter_1,Emitter_1
6177.88,19.7551,18.5169,Noise,Noise
6100,-24.806,15.1011,Emitter_2,Emitter_2
5900,19.7086,8.2315,Emitter_1,Emitter_1
5900,20.3236,7.9563,Emitter_1,Emitter_1
6100,-25.3375,14.595,Emitter_2,Emitter_2
5900,19.8432,8.042,Emitter_1,Emitter_1
6100,-24.6511,15.0558,Emitter_2,Emitter_2
5900,19.6734,7.656,Emitter_1,Emitter_1
6100,-24.5402,14.9866,Emitter_2,Emitter_2
5900,19.6239,7.8096,Emitter_1,Emitter_1
6100,-25.5621,15.2898,Emitter_2,Emitter_2
5900,19.5346,8.0486,Emitter_1,Emitter_1
5900,20.2919,7.5239,Emitter_1,Emitter_1
6100,-25.1481,15.1026,Emitter_2,Emitter_2
5900,20.0101,7.934,Emitter_1,Emitter_1
6100,-25.259,15.4933,Emitter_2,Emitter_2
5900,20.1366,7.9961,Emitter_1,Emitter_1
6100,-25.3506,14.8988,Emitter_2,Emitter_2
5900,19.4186,7.6213,Emitter_1,Emitter_1
6101.4092,-18.8422,17.615,Noise,Noise
6100,-24.957,14.6723,Emitter_2,Emitter_2
5900,20.0118,8.3086,Emitter_1,Emitter_1
5900,19.1143,8.1037,Emitter_1,Emitter_1
6100,-24.8678,15.4836,Emitter_2,Emitter_2
5900,20.4758,7.9541,Emitter_1,Emitter_1
6100,-25.1962,15.1185,Emitter_2,Emitter_2
5900,20.2201,7.7891,Emitter_1,Emitter_1
6100,-26.0998,14.9883,Emitter_2,Noise
5900,19.9523,7.5137,Emitter_1,Emitter_1
6100,-25.1252,14.7545,Emitter_2,Emitter_2
5900,19.0623,8.2828,Emitter_1,Emitter_1
5900,19.606,7.8633,Emitter_1,Emitter_1
6100,-24.5674,14.9021,Emitter_2,Emitter_2
5900,19.4454,7.577,Emitter_1,Emitter_1
6100,-25.071,14.8868,Emitter_2,Emitter_2
5900,19.9305,7.7811,Emitter_1,Emitter_1
6100,-25.7667,14.6604,Emitter_2,Emitter_2
5900,20.1512,8.1358,Emitter_1,Emitter_1
6100,-24.6156,14.367,Emitter_2,Noise
5900,20.1283,8.0716,Emitter_1,Emitter_1
6023.0697,-48.8774,7.709,Noise,Noise
5900,20.6311,7.6797,Emitter_1,Emitter_1
6100,-25.3065,14.8801,Emitter_2,Emitter_2
5900,19.978,8.3398,Emitter_1,Emitter_1
6100,-24.3026,15.2306,Emitter_2,Emitter_2
5900,20.5058,7.5735,Emitter_1,Emitter_1
5887.9952,-15.7505,24.8622,Noise,Noise
6100,-25.2229,15.3914,Emitter_2,Emitter_2
5900,19.8751,8.4074,Emitter_1,Emitter_1
6100,-25.2962,15.3027,Emitter_2,Emitter_2
5900,20.2032,8.0586,Emitter_1,Emitter_1
5900,19.9129,7.8849,Emitter_1,Emitter_1
6100,-25.5436,15.322,Emitter_2,Emitter_2
5900,20.1153,7.9243,Emitter_1,Emitter_1
6100,-25.1625,14.6914,Emitter_2,Emitter_2
5900,19.983,8.0236,Emitter_1,Emitter_1
6100,-25.0869,15.0832,Emitter_2,Emitter_2
5900,19.7288,8.1596,Emitter_1,Emitter_1
6100,-25.1979,15.1662,Emitter_2,Emitter_2
5900,21.1657,7.4669,Emitter_1,Noise
5900,20.1296,7.7719,Emitter_1,Emitter_1
6100,-25.2332,15.1861,Emitter_2,Emitter_2
5894.09,-47.4133,28.986,Noise,Noise
5900,20.231,8.014,Emitter_1,Emitter_1
6100,-24.8231,14.9817,Emitter_2,Emitter_2
5900,20.3047,8.3527,Emitter_1,Emitter_1
6100,-25.1766,15.0455,Emitter_2,Emitter_2
5900,20.077,8.3396,Emitter_1,Emitter_1
6100,-24.7799,15.6185,Emitter_2,Emitter_2
5900,19.0623,8.4771,Emitter_1,Noise
5900,20.15,8.3234,Emitter_1,Emitter_1
6100,-24.6242,15.2928,Emitter_2,Emitter_2
5990.2799,-31.2262,1.6596,Noise,Noise
5900,19.512,7.7508,Emitter_1,Emitter_1
6100,-23.7646,15.1548,Emitter_2,Noise
5900,20.0584,7.9949,Emitter_1,Emitter_1
6100,-24.8061,15.2112,Emitter_2,Emitter_2
5900,20.1132,8.3254,Emitter_1,Emitter_1
6100,-25.4036,14.8668,Emitter_2,Emitter_2
5900,19.2939,8.2921,Emitter_1,Emitter_1
5859.0464,28.2775,29.9841,Noise,Noise
5900,20.0033,7.9389,Emitter_1,Emitter_1
6100,-25.2025,15.1943,Emitter_2,Emitter_2
5900,19.4116,8.1509,Emitter_1,Emitter_1
6100,-25.0697,15.0415,Emitter_2,Emitter_2
5900,19.0344,8.1945,Emitter_1,Emitter_1
6100,-24.565,15.2589,Emitter_2,Emitter_2
5900,19.4032,8.016,Emitter_1,Emitter_1
6100,-25.0647,14.799,Emitter_2,Emitter_2
5900,19.9523,8.3509,Emitter_1,Emitter_1
5900,19.9285,7.7918,Emitter_1,Emitter_1
6100,-24.5459,15.2322,Emitter_2,Emitter_2
5900,19.7974,8.3819,Emitter_1,Emitter_1
6100,-25.6425,14.9061,Emitter_2,Emitter_2
5900,20.2145,7.8843,Emitter_1,Emitter_1
6100,-24.9338,15.2336,Emitter_2,Emitter_2
5900,19.9054,7.5298,Emitter_1,Emitter_1
6100,-24.636,15.0852,Emitter_2,Emitter_2
5900,20.1554,7.4721,Emitter_1,Emitter_1
5900,20.3007,8.0386,Emitter_1,Emitter_1
6100,-24.7659,15.0192,Emitter_2,Emitter_2
5900,20.9548,7.67,Emitter_1,Emitter_1
6100,-25.2695,14.9216,Emitter_2,Emitter_2
5900,19.9589,8.5395,Emitter_1,Emitter_1
6100,-24.9924,14.9896,Emitter_2,Emitter_2
5900,20.4766,7.7911,Emitter_1,Emitter_1
6100,-25.7542,14.8808,Emitter_2,Emitter_2
5900,20.0896,8.0006,Emitter_1,Emitter_1
5900,20.1128,7.7904,Emitter_1,Emitter_1
6100,-24.9775,14.9156,Emitter_2,Emitter_2
5900,19.9643,7.5206,Emitter_1,Emitter_1
6100,-25.0987,15.1464,Emitter_2,Emitter_2
5900,20.054,8.135,Emitter_1,Emitter_1
6100,-25.4316,14.5116,Emitter_2,Emitter_2
5900,19.909,7.5155,Emitter_1,Emitter_1
6100,-25.1393,15.2292,Emitter_2,Emitter_2
5900,20.3954,8.1094,Emitter_1,Emitter_1
5900,19.7096,7.9158,Emitter_1,Emitter_1
6100,-24.325,15.2346,Emitter_2,Emitter_2
5900,19.3997,7.6924,Emitter_1,Emitter_1
6100,-25.5873,14.9303,Emitter_2,Emitter_2
5900,19.7849,8.3685,Emitter_1,Emitter_1
6100,-24.8973,15.0533,Emitter_2,Emitter_2
5900,19.7442,8.1921,Emitter_1,Emitter_1
6100,-24.7843,14.7249,Emitter_2,Emitter_2
5900,19.7847,8.0744,Emitter_1,Emitter_1
5900,19.9434,8.2619,Emitter_1,Emitter_1
6100,-24.974,15.1261,Emitter_2,Emitter_2
5900,19.7861,7.5282,Emitter_1,Emitter_1
6100,-24.6697,14.7583,Emitter_2,Emitter_2
5900,19.4472,7.8404,Emitter_1,Emitter_1
6100,-25.1381,14.1889,Emitter_2,Noise
5900,19.5004,8.1231,Emitter_1,Emitter_1
6100,-25.2486,14.8427,Emitter_2,Emitter_2
5900,19.8137,8.7124,Emitter_1,Emitter_1
5900,19.3049,8.0611,Emitter_1,Emitter_1
6100,-25.4078,15.0497,Emitter_2,Emitter_2
5900,19.5488,7.852,Emitter_1,Emitter_1
5898.1132,42.6653,25.9863,Noise,Noise
6100,-25.0224,14.3222,Emitter_2,Emitter_2
5900,20.0566,7.3024,Emitter_1,Noise
5896.5188,58.9446,7.8046,Noise,Noise
6100,-24.9138,14.7215,Emitter_2,Emitter_2
5900,20.0947,8.5709,Emitter_1,Emitter_1
6100,-24.8057,14.6154,Emitter_2,Emitter_2
5900,19.8186,8.0779,Emitter_1,Emitter_1
5900,20.41,7.9508,Emitter_1,Emitter_1
6100,-24.988,14.9151,Emitter_2,Emitter_2
6180.0468,26.4756,-1.538,Noise,Noise
5900,19.7676,7.3173,Emitter_1,Emitter_1
6100,-24.8788,15.0374,Emitter_2,Emitter_2
5900,20.2564,7.966,Emitter_1,Emitter_1
6100,-25.1021,14.5391,Emitter_2,Emitter_2
5900,19.5949,8.038,Emitter_1,Emitter_1
6100,-25.5909,14.8248,Emitter_2,Emitter_2
5900,19.7665,7.8415,Emitter_1,Emitter_1
5900,20.2425,7.5985,Emitter_1,Emitter_1
6100,-25.0033,14.8175,Emitter_2,Emitter_2
5900,20.4189,7.5807,Emitter_1,Emitter_1
6100,-24.7499,14.9162,Emitter_2,Emitter_2
5900,19.7349,8.5769,Emitter_1,Emitter_1
6100,-25.386,14.9166,Emitter_2,Emitter_2
5900,20.4509,8.0293,Emitter_1,Emitter_1
6100,-24.9097,15.0975,Emitter_2,Emitter_2
5900,19.6238,7.8412,Emitter_1,Emitter_1
5900,20.0293,8.0113,Emitter_1,Emitter_1
6100,-24.2486,14.7993,Emitter_2,Emitter_2
5900,19.9637,7.9908,Emitter_1,Emitter_1
6100,-25.0294,15.1278,Emitter_2,Emitter_2
5900,19.9142,7.5674,Emitter_1,Emitter_1
6100,-25.0094,14.8498,Emitter_2,Emitter_2
6096.8958,37.5885,3.2526,Noise,Noise
5900,19.7934,8.2744,Emitter_1,Emitter_1
6100,-25.6197,14.8467,Emitter_2,Emitter_2
5900,19.4527,7.9431,Emitter_1,Emitter_1
5900,19.6721,8.0334,Emitter_1,Emitter_1
6100,-25.4295,14.482,Emitter_2,Emitter_2
5900,19.8445,8.4432,Emitter_1,Emitter_1
6100,-25.3183,14.6859,Emitter_2,Emitter_2
5900,20.2026,7.6065,Emitter_1,Emitter_1
6100,-24.7665,15.1803,Emitter_2,Emitter_2
5900,20.2685,7.7676,Emitter_1,Emitter_1
6100,-25.3616,14.9219,Emitter_2,Emitter_2
5900,19.7692,8.0941,Emitter_1,Emitter_1
5900,19.8033,8.2679,Emitter_1,Emitter_1
6100,-25.7433,14.8517,Emitter_2,Emitter_2
5900,19.6902,7.8143,Emitter_1,Emitter_1
6100,-24.8404,15.2475,Emitter_2,Emitter_2
5900,19.7375,7.8303,Emitter_1,Emitter_1
6100,-25.2852,15.3156,Emitter_2,Emitter_2
5900,20.4397,8.1886,Emitter_1,Emitter_1
6100,-25.6063,14.6257,Emitter_2,Emitter_2
5900,20.684,8.6803,Emitter_1,Noise
5900,19.5877,8.0211,Emitter_1,Emitter_1
6100,-24.7161,15.5013,Emitter_2,Emitter_2
5900,19.5295,7.7667,Emitter_1,Emitter_1
6100,-24.8026,14.9879,Emitter_2,Emitter_2
5900,19.748,7.6829,Emitter_1,Emitter_1
6097.6074,53.3117,-0.7596,Noise,Noise
6100,-25.8781,14.3933,Emitter_2,Noise
5900,19.5792,7.9567,Emitter_1,Emitter_1
5935.7147,-10.4444,-1.0072,Noise,Noise
6100,-24.9482,14.8926,Emitter_2,Emitter_2
5900,19.5133,8.2526,Emitter_1,Emitter_1
5900,19.6329,8.8429,Emitter_1,Noise
6100,-25.4423,15.0197,Emitter_2,Emitter_2
5900,19.8194,8.0216,Emitter_1,Emitter_1
6100,-24.9539,15.2833,Emitter_2,Emitter_2
5900,19.4819,8.5118,Emitter_1,Emitter_1
6100,-24.9454,15.3685,Emitter_2,Emitter_2
5900,20.4478,8.0891,Emitter_1,Emitter_1
5899.2331,9.6179,-1.7504,Noise,Noise
6100,-24.9968,14.9654,Emitter_2,Emitter_2
5900,19.4613,8.0632,Emitter_1,Emitter_1
5900,19.5514,8.4387,Emitter_1,Emitter_1
6100,-24.5743,14.7065,Emitter_2,Emitter_2
5900,20.3237,8.0286,Emitter_1,Emitter_1
6100,-23.8742,15.1126,Emitter_2,Noise
5900,19.0254,7.705,Emitter_1,Emitter_1
6100,-24.8477,15.1575,Emitter_2,Emitter_2
5900,20.2751,8.3639,Emitter_1,Emitter_1
6100,-24.2491,15.2378,Emitter_2,Emitter_2
5900,20.4437,7.5224,Emitter_1,Emitter_1
5900,20.1206,8.3047,Emitter_1,Emitter_1
6100,-25.642,15.421,Emitter_2,Emitter_2
5900,19.3367,7.9976,Emitter_1,Emitter_1
6100,-25.1364,15.0321,Emitter_2,Emitter_2
5900,20.1095,7.9098,Emitter_1,Emitter_1
6100,-25.5117,15.1579,Emitter_2,Emitter_2
5975.3467,-16.9688,2.9681,Noise,Noise
5900,19.2591,7.9023,Emitter_1,Emitter_1
6100,-25.2605,15.0301,Emitter_2,Emitter_2
5900,19.8691,7.9556,Emitter_1,Emitter_1
5900,19.7746,7.8671,Emitter_1,Emitter_1
6100,-25.1136,15.5775,Emitter_2,Emitter_2
5900,19.9841,8.1327,Emitter_1,Emitter_1
6100,-24.2071,15.014,Emitter_2,Emitter_2
5900,19.8782,7.8771,Emitter_1,Emitter_1
6100,-24.9744,14.888,Emitter_2,Emitter_2
5900,20.0369,7.4237,Emitter_1,Emitter_1
6100,-24.5576,14.9013,Emitter_2,Emitter_2
6137.5627,5.2185,28.9289,Noise,Noise
5900,20.1908,7.9998,Emitter_1,Emitter_1
5900,20.0159,8.2882,Emitter_1,Emitter_1
6100,-25.1685,15.2936,Emitter_2,Emitter_2
5900,19.2189,7.4078,Emitter_1,Noise
6100,-25.2153,14.9887,Emitter_2,Emitter_2
5900,20.1095,7.9979,Emitter_1,Emitter_1
5899.0852,-55.478,-0.8746,Noise,Noise
6100,-25.6325,15.2113,Emitter_2,Emitter_2
5900,20.0681,7.8614,Emitter_1,Emitter_1
6100,-24.2237,15.2164,Emitter_2,Emitter_2
5900,20.2657,8.2798,Emitter_1,Emitter_1
5900,20.1936,7.9218,Emitter_1,Emitter_1
6100,-24.4153,14.7462,Emitter_2,Emitter_2
5900,19.1569,8.2308,Emitter_1,Emitter_1
6100,-24.9055,14.7171,Emitter_2,Emitter_2
5900,20.4887,8.1934,Emitter_1,Emitter_1
6100,-25.0911,15.2317,Emitter_2,Emitter_2
5900,19.6481,8.2021,Emitter_1,Emitter_1
6100,-24.9593,14.5762,Emitter_2,Emitter_2
5900,20.3442,8.4676,Emitter_1,Emitter_1
5900,19.6496,7.9321,Emitter_1,Emitter_1
6100,-25.526,14.5857,Emitter_2,Emitter_2
5900,20.2989,8.0172,Emitter_1,Emitter_1
6100,-24.8034,15.6192,Emitter_2,Emitter_2
5900,19.5531,8.1244,Emitter_1,Emitter_1
6100,-24.455,14.4312,Emitter_2,Emitter_2
5900,20.2315,8.0264,Emitter_1,Emitter_1
6100,-24.4316,15.2809,Emitter_2,Emitter_2
5900,20.0878,7.9224,Emitter_1,Emitter_1
5900,20.5913,7.7298,Emitter_1,Emitter_1
6100,-25.6181,14.909,Emitter_2,Emitter_2
5900,19.7651,8.0033,Emitter_1,Emitter_1
6100,-24.5618,15.1651,Emitter_2,Emitter_2
5900,20.3516,7.5508,Emitter_1,Emitter_1
6100,-25.5236,15.1832,Emitter_2,Emitter_2
5900,19.4759,7.3887,Emitter_1,Emitter_1
6100,-25.855,14.9332,Emitter_2,Emitter_2
5900,20.0131,7.6645,Emitter_1,Emitter_1
5900,19.8462,8.1984,Emitter_1,Emitter_1
6100,-24.5448,15.0055,Emitter_2,Emitter_2
5900,19.7434,8.0694,Emitter_1,Emitter_1
6100,-25.1996,15.2668,Emitter_2,Emitter_2
5900,19.8803,8.2016,Emitter_1,Emitter_1
6100,-24.6101,15.393,Emitter_2,Emitter_2
5900,20.1901,7.7924,Emitter_1,Emitter_1
6100,-24.6503,15.3244,Emitter_2,Emitter_2
5900,19.9325,8.3131,Emitter_1,Emitter_1
5900,20.1574,7.5809,Emitter_1,Emitter_1
6100,-24.7068,15.0797,Emitter_2,Emitter_2
5900,20.2622,7.6746,Emitter_1,Emitter_1
6100,-24.9642,14.9288,Emitter_2,Emitter_2
5900,20.565,8.3072,Emitter_1,Emitter_1
6100,-25.4849,14.7134,Emitter_2,Emitter_2
5900,20.116,8.0472,Emitter_1,Emitter_1
6100,-25.1128,15.0724,Emitter_2,Emitter_2
5900,19.9164,8.2036,Emitter_1,Emitter_1
5800.4756,34.4257,25.4368,Noise,Noise
5900,19.8517,8.0707,Emitter_1,Emitter_1
6100,-24.4237,14.9875,Emitter_2,Emitter_2
5900,20.3488,7.8315,Emitter_1,Emitter_1
6100,-24.5986,15.3238,Emitter_2,Emitter_2
5811.8732,-22.9831,15.6431,Noise,Noise
5900,19.7535,7.6417,Emitter_1,Emitter_1
6100,-25.0926,15.1784,Emitter_2,Emitter_2
5900,19.5742,7.4515,Emitter_1,Emitter_1
6100,-25.0974,15.3966,Emitter_2,Emitter_2
5900,20.2919,8.5427,Emitter_1,Emitter_1
5900,20.5701,7.5122,Emitter_1,Emitter_1
6100,-24.7457,14.6429,Emitter_2,Emitter_2
5900,20.2899,8.4266,Emitter_1,Emitter_1
6100,-24.9354,15.4944,Emitter_2,Emitter_2
5900,19.8173,8.0304,Emitter_1,Emitter_1
6100,-25.0725,15.1343,Emitter_2,Emitter_2
5900,19.1968,8.08,Emitter_1,Emitter_1
6100,-24.7816,14.689,Emitter_2,Emitter_2
5900,19.5746,8.0599,Emitter_1,Emitter_1
5900,19.3755,8.1629,Emitter_1,Emitter_1
6100,-24.7957,14.5818,Emitter_2,Emitter_2
5900,20.4098,7.765,Emitter_1,Emitter_1
6100,-25.2502,15.3227,Emitter_2,Emitter_2
5900,19.5452,7.3532,Emitter_1,Emitter_1
6100,-24.8573,14.9087,Emitter_2,Emitter_2
5900,19.8934,7.8255,Emitter_1,Emitter_1
6100,-24.8214,14.982,Emitter_2,Emitter_2
5900,19.3796,8.1359,Emitter_1,Emitter_1
5900,19.82,7.6773,Emitter_1,Emitter_1
6100,-24.995,15.197,Emitter_2,Emitter_2
5900,19.7782,8.3214,Emitter_1,Emitter_1
6100,-25.2909,15.0121,Emitter_2,Emitter_2
5900,20.2412,7.961,Emitter_1,Emitter_1
5904.2894,-26.6448,18.3504,Noise,Noise
6100,-25.1249,14.5243,Emitter_2,Emitter_2
5900,20.2476,7.6517,Emitter_1,Emitter_1
6100,-25.3682,15.4705,Emitter_2,Emitter_2
5900,20.0129,8.0442,Emitter_1,Emitter_1
5900,19.8121,8.1306,Emitter_1,Emitter_1
6100,-24.8461,14.6029,Emitter_2,Emitter_2
5900,19.6878,8.1529,Emitter_1,Emitter_1
6100,-25.6161,14.9664,Emitter_2,Emitter_2
5900,20.2207,7.1249,Emitter_1,Noise
6100,-24.3755,14.944,Emitter_2,Emitter_2
6029.8614,-25.2412,28.2966,Noise,Noise
5900,20.4761,7.0857,Emitter_1,Noise
6100,-24.4772,15.1056,Emitter_2,Emitter_2
5900,19.7536,8.3076,Emitter_1,Emitter_1
5900,19.8731,7.5601,Emitter_1,Emitter_1
6100,-24.8115,14.5993,Emitter_2,Emitter_2
5900,19.5625,8.3081,Emitter_1,Emitter_1
6100,-24.625,14.8995,Emitter_2,Emitter_2
5900,19.2314,8.3387,Emitter_1,Emitter_1
5757.29,29.6236,28.6131,Noise,Noise
6100,-24.6548,14.7557,Emitter_2,Emitter_2
5900,19.978,7.6423,Emitter_1,Emitter_1
6100,-24.9292,15.1056,Emitter_2,Emitter_2
5900,19.7668,7.6948,Emitter_1,Emitter_1
5900,20.3465,8.2197,Emitter_1,Emitter_1
6100,-25.0616,15.1214,Emitter_2,Emitter_2
5900,19.3123,7.8789,Emitter_1,Emitter_1
6100,-25.1066,14.8053,Emitter_2,Emitter_2
5900,19.6547,8.3881,Emitter_1,Emitter_1
6100,-24.3578,15.3147,Emitter_2,Emitter_2
5900,19.46,8.4813,Emitter_1,Emitter_1
6100,-25.3043,15.1705,Emitter_2,Emitter_2
5900,19.9867,7.6514,Emitter_1,Emitter_1
5900,19.7291,7.7595,Emitter_1,Emitter_1
6100,-25.2971,14.6446,Emitter_2,Emitter_2
5900,19.4902,8.0284,Emitter_1,Emitter_1
6100,-24.5865,14.4888,Emitter_2,Emitter_2
5900,19.5088,7.3459,Emitter_1,Emitter_1
6100,-24.6293,14.9242,Emitter_2,Emitter_2
5900,19.8481,7.4591,Emitter_1,Emitter_1
6100,-25.0846,15.1229,Emitter_2,Emitter_2
5900,19.6991,7.7273,Emitter_1,Emitter_1
5900,19.6515,8.6003,Emitter_1,Emitter_1
6100,-24.7675,14.7521,Emitter_2,Emitter_2
5900,20.0226,8.0736,Emitter_1,Emitter_1
6100,-24.7129,15.034,Emitter_2,Emitter_2
5900,19.2894,7.8038,Emitter_1,Emitter_1
6100,-25.5024,14.949,Emitter_2,Emitter_2
5900,20.0861,7.6926,Emitter_1,Emitter_1
6100,-24.4475,15.503,Emitter_2,Emitter_2
5900,20.3632,7.6392,Emitter_1,Emitter_1
5900,19.8855,7.8242,Emitter_1,Emitter_1
6100,-24.7131,14.6429,Emitter_2,Emitter_2
5900,20.0657,7.8079,Emitter_1,Emitter_1
6100,-24.8038,15.2553,Emitter_2,Emitter_2
5900,19.8916,7.9292,Emitter_1,Emitter_1
6100,-24.7097,15.2355,Emitter_2,Emitter_2
5900,19.7062,8.1455,Emitter_1,Emitter_1
6100,-24.8547,14.9783,Emitter_2,Emitter_2
5900,20.0954,7.9734,Emitter_1,Emitter_1
5900,19.8278,8.239,Emitter_1,Emitter_1
6100,-25.2433,14.4306,Emitter_2,Emitter_2
5900,19.9057,7.908,Emitter_1,Emitter_1
6100,-24.8641,15.0558,Emitter_2,Emitter_2
5900,20.0419,8.509,Emitter_1,Emitter_1
6099.6609,42.6063,22.8324,Noise,Noise
6100,-24.777,14.5987,Emitter_2,Emitter_2
5900,19.4639,8.231,Emitter_1,Emitter_1
6100,-24.742,15.6164,Emitter_2,Emitter_2
5900,19.2427,8.0652,Emitter_1,Emitter_1
5900,20.63,8.1466,Emitter_1,Emitter_1
6100,-24.9686,14.9815,Emitter_2,Emitter_2
6000.1578,34.8215,2.715,Noise,Noise
5900,20.0683,7.8319,Emitter_1,Emitter_1
6100,-24.8764,15.6097,Emitter_2,Emitter_2
5900,20.0124,7.9244,Emitter_1,Emitter_1
6053.7038,-23.662,11.342,Noise,Noise
6100,-25.4095,15.061,Emitter_2,Emitter_2
5900,19.6856,7.913,Emitter_1,Emitter_1
6100,-25.3199,14.8359,Emitter_2,Emitter_2
5900,20.0794,7.7698,Emitter_1,Emitter_1
5900,19.6775,7.5919,Emitter_1,Emitter_1
6100,-25.0198,15.4042,Emitter_2,Emitter_2
5900,20.1563,8.1636,Emitter_1,Emitter_1
6100,-24.2796,15.1344,Emitter_2,Emitter_2
5900,20.0927,8.2896,Emitter_1,Emitter_1
6100,-25.1506,15.7478,Emitter_2,Emitter_2
5900,20.0351,8.1176,Emitter_1,Emitter_1
6100,-25.171,14.8287,Emitter_2,Emitter_2
5900,20.1215,7.9725,Emitter_1,Emitter_1
5900,19.7877,8.6642,Emitter_1,Emitter_1
6100,-25.71,15.4188,Emitter_2,Emitter_2
